{"errors":[],"warnings":[],"namedChunkGroups":{"app":{"chunks":[10,2],"assets":["webpack-runtime-cffd737f83f51c06302e.js","webpack-runtime-cffd737f83f51c06302e.js.map","app-50a422f066ccfd74d795.js","app-50a422f066ccfd74d795.js.map"],"children":{},"childAssets":{}},"component---src-templates-lab-js":{"chunks":[0,1,8],"assets":["0-37c681a432b9c485b485.js","0-37c681a432b9c485b485.js.map","1.374453a1ffd52b737f4d.css","1-215e93c8025118b6c2cd.js","1-215e93c8025118b6c2cd.js.map","component---src-templates-lab-js.3294dd1b2917bbc777a6.css","component---src-templates-lab-js-93cb0756076cffb29db8.js","component---src-templates-lab-js-93cb0756076cffb29db8.js.map"],"children":{},"childAssets":{}},"component---src-templates-project-js":{"chunks":[0,1,9],"assets":["0-37c681a432b9c485b485.js","0-37c681a432b9c485b485.js.map","1.374453a1ffd52b737f4d.css","1-215e93c8025118b6c2cd.js","1-215e93c8025118b6c2cd.js.map","component---src-templates-project-js.3294dd1b2917bbc777a6.css","component---src-templates-project-js-bcfb92cde04b47beea33.js","component---src-templates-project-js-bcfb92cde04b47beea33.js.map"],"children":{},"childAssets":{}},"component---src-pages-404-js":{"chunks":[0,3],"assets":["0-37c681a432b9c485b485.js","0-37c681a432b9c485b485.js.map","component---src-pages-404-js.3294dd1b2917bbc777a6.css","component---src-pages-404-js-21f57015f35c9b78c67a.js","component---src-pages-404-js-21f57015f35c9b78c67a.js.map"],"children":{},"childAssets":{}},"component---src-pages-contact-js":{"chunks":[0,1,4],"assets":["0-37c681a432b9c485b485.js","0-37c681a432b9c485b485.js.map","1.374453a1ffd52b737f4d.css","1-215e93c8025118b6c2cd.js","1-215e93c8025118b6c2cd.js.map","component---src-pages-contact-js.3294dd1b2917bbc777a6.css","component---src-pages-contact-js-c60ebe4bf98f66256a92.js","component---src-pages-contact-js-c60ebe4bf98f66256a92.js.map"],"children":{},"childAssets":{}},"component---src-pages-index-js":{"chunks":[0,12,5],"assets":["0-37c681a432b9c485b485.js","0-37c681a432b9c485b485.js.map","12-68866dab7812c6a66411.js","12-68866dab7812c6a66411.js.map","component---src-pages-index-js.3294dd1b2917bbc777a6.css","component---src-pages-index-js-40ace6c6eb186b9b993b.js","component---src-pages-index-js-40ace6c6eb186b9b993b.js.map"],"children":{},"childAssets":{}},"component---src-pages-labs-js":{"chunks":[0,6],"assets":["0-37c681a432b9c485b485.js","0-37c681a432b9c485b485.js.map","component---src-pages-labs-js.3294dd1b2917bbc777a6.css","component---src-pages-labs-js-24fa6babc81abc585c6b.js","component---src-pages-labs-js-24fa6babc81abc585c6b.js.map"],"children":{},"childAssets":{}},"component---src-pages-portfolio-js":{"chunks":[0,7],"assets":["0-37c681a432b9c485b485.js","0-37c681a432b9c485b485.js.map","component---src-pages-portfolio-js.3294dd1b2917bbc777a6.css","component---src-pages-portfolio-js-6d9feeb9678e486a7e02.js","component---src-pages-portfolio-js-6d9feeb9678e486a7e02.js.map"],"children":{},"childAssets":{}}},"assetsByChunkName":{"app":["webpack-runtime-cffd737f83f51c06302e.js","app-50a422f066ccfd74d795.js"],"component---src-templates-lab-js":["0-37c681a432b9c485b485.js","1.374453a1ffd52b737f4d.css","1-215e93c8025118b6c2cd.js","component---src-templates-lab-js.3294dd1b2917bbc777a6.css","component---src-templates-lab-js-93cb0756076cffb29db8.js"],"component---src-templates-project-js":["0-37c681a432b9c485b485.js","1.374453a1ffd52b737f4d.css","1-215e93c8025118b6c2cd.js","component---src-templates-project-js.3294dd1b2917bbc777a6.css","component---src-templates-project-js-bcfb92cde04b47beea33.js"],"component---src-pages-404-js":["0-37c681a432b9c485b485.js","component---src-pages-404-js.3294dd1b2917bbc777a6.css","component---src-pages-404-js-21f57015f35c9b78c67a.js"],"component---src-pages-contact-js":["0-37c681a432b9c485b485.js","1.374453a1ffd52b737f4d.css","1-215e93c8025118b6c2cd.js","component---src-pages-contact-js.3294dd1b2917bbc777a6.css","component---src-pages-contact-js-c60ebe4bf98f66256a92.js"],"component---src-pages-index-js":["0-37c681a432b9c485b485.js","12-68866dab7812c6a66411.js","component---src-pages-index-js.3294dd1b2917bbc777a6.css","component---src-pages-index-js-40ace6c6eb186b9b993b.js"],"component---src-pages-labs-js":["0-37c681a432b9c485b485.js","component---src-pages-labs-js.3294dd1b2917bbc777a6.css","component---src-pages-labs-js-24fa6babc81abc585c6b.js"],"component---src-pages-portfolio-js":["0-37c681a432b9c485b485.js","component---src-pages-portfolio-js.3294dd1b2917bbc777a6.css","component---src-pages-portfolio-js-6d9feeb9678e486a7e02.js"]}}