{"errors":[],"warnings":[],"namedChunkGroups":{"app":{"chunks":[10,2],"assets":["webpack-runtime-b7b344f6c44655ceb4c8.js","webpack-runtime-b7b344f6c44655ceb4c8.js.map","app-4a40a0316cb75877e186.js","app-4a40a0316cb75877e186.js.map"],"children":{},"childAssets":{}},"component---src-templates-lab-js":{"chunks":[0,1,8],"assets":["0-16c28f30894287e3cbb5.js","0-16c28f30894287e3cbb5.js.map","1.374453a1ffd52b737f4d.css","1-271e8fe10a8c0da931d7.js","1-271e8fe10a8c0da931d7.js.map","component---src-templates-lab-js.3294dd1b2917bbc777a6.css","component---src-templates-lab-js-fa1496470565ceddecfe.js","component---src-templates-lab-js-fa1496470565ceddecfe.js.map"],"children":{},"childAssets":{}},"component---src-templates-project-js":{"chunks":[0,1,9],"assets":["0-16c28f30894287e3cbb5.js","0-16c28f30894287e3cbb5.js.map","1.374453a1ffd52b737f4d.css","1-271e8fe10a8c0da931d7.js","1-271e8fe10a8c0da931d7.js.map","component---src-templates-project-js.3294dd1b2917bbc777a6.css","component---src-templates-project-js-a5850399260170db0bb8.js","component---src-templates-project-js-a5850399260170db0bb8.js.map"],"children":{},"childAssets":{}},"component---src-pages-404-js":{"chunks":[0,3],"assets":["0-16c28f30894287e3cbb5.js","0-16c28f30894287e3cbb5.js.map","component---src-pages-404-js.3294dd1b2917bbc777a6.css","component---src-pages-404-js-282d1523890d3e405859.js","component---src-pages-404-js-282d1523890d3e405859.js.map"],"children":{},"childAssets":{}},"component---src-pages-contact-js":{"chunks":[0,1,11,4],"assets":["0-16c28f30894287e3cbb5.js","0-16c28f30894287e3cbb5.js.map","1.374453a1ffd52b737f4d.css","1-271e8fe10a8c0da931d7.js","1-271e8fe10a8c0da931d7.js.map","11-76f09fa2ecfd73316919.js","11-76f09fa2ecfd73316919.js.map","component---src-pages-contact-js.3294dd1b2917bbc777a6.css","component---src-pages-contact-js-9b012d58516aa3fa1ae6.js","component---src-pages-contact-js-9b012d58516aa3fa1ae6.js.map"],"children":{},"childAssets":{}},"component---src-pages-index-js":{"chunks":[0,12,5],"assets":["0-16c28f30894287e3cbb5.js","0-16c28f30894287e3cbb5.js.map","12-c4d39e74230a40bb6743.js","12-c4d39e74230a40bb6743.js.map","component---src-pages-index-js.3294dd1b2917bbc777a6.css","component---src-pages-index-js-9ea7bab15e5f6f9c14ea.js","component---src-pages-index-js-9ea7bab15e5f6f9c14ea.js.map"],"children":{},"childAssets":{}},"component---src-pages-labs-js":{"chunks":[0,6],"assets":["0-16c28f30894287e3cbb5.js","0-16c28f30894287e3cbb5.js.map","component---src-pages-labs-js.3294dd1b2917bbc777a6.css","component---src-pages-labs-js-3e70357d3d1c7cfc54eb.js","component---src-pages-labs-js-3e70357d3d1c7cfc54eb.js.map"],"children":{},"childAssets":{}},"component---src-pages-portfolio-js":{"chunks":[0,7],"assets":["0-16c28f30894287e3cbb5.js","0-16c28f30894287e3cbb5.js.map","component---src-pages-portfolio-js.3294dd1b2917bbc777a6.css","component---src-pages-portfolio-js-d0d87e4d05efb95f2459.js","component---src-pages-portfolio-js-d0d87e4d05efb95f2459.js.map"],"children":{},"childAssets":{}}},"assetsByChunkName":{"app":["webpack-runtime-b7b344f6c44655ceb4c8.js","app-4a40a0316cb75877e186.js"],"component---src-templates-lab-js":["0-16c28f30894287e3cbb5.js","1.374453a1ffd52b737f4d.css","1-271e8fe10a8c0da931d7.js","component---src-templates-lab-js.3294dd1b2917bbc777a6.css","component---src-templates-lab-js-fa1496470565ceddecfe.js"],"component---src-templates-project-js":["0-16c28f30894287e3cbb5.js","1.374453a1ffd52b737f4d.css","1-271e8fe10a8c0da931d7.js","component---src-templates-project-js.3294dd1b2917bbc777a6.css","component---src-templates-project-js-a5850399260170db0bb8.js"],"component---src-pages-404-js":["0-16c28f30894287e3cbb5.js","component---src-pages-404-js.3294dd1b2917bbc777a6.css","component---src-pages-404-js-282d1523890d3e405859.js"],"component---src-pages-contact-js":["0-16c28f30894287e3cbb5.js","1.374453a1ffd52b737f4d.css","1-271e8fe10a8c0da931d7.js","11-76f09fa2ecfd73316919.js","component---src-pages-contact-js.3294dd1b2917bbc777a6.css","component---src-pages-contact-js-9b012d58516aa3fa1ae6.js"],"component---src-pages-index-js":["0-16c28f30894287e3cbb5.js","12-c4d39e74230a40bb6743.js","component---src-pages-index-js.3294dd1b2917bbc777a6.css","component---src-pages-index-js-9ea7bab15e5f6f9c14ea.js"],"component---src-pages-labs-js":["0-16c28f30894287e3cbb5.js","component---src-pages-labs-js.3294dd1b2917bbc777a6.css","component---src-pages-labs-js-3e70357d3d1c7cfc54eb.js"],"component---src-pages-portfolio-js":["0-16c28f30894287e3cbb5.js","component---src-pages-portfolio-js.3294dd1b2917bbc777a6.css","component---src-pages-portfolio-js-d0d87e4d05efb95f2459.js"]}}