{"errors":[],"warnings":[],"namedChunkGroups":{"app":{"chunks":[10,2],"assets":["webpack-runtime-7a1a815c730872861fd3.js","webpack-runtime-7a1a815c730872861fd3.js.map","app-4ad5ff2c9336c8de8375.js","app-4ad5ff2c9336c8de8375.js.map"],"children":{},"childAssets":{}},"component---src-templates-project-js":{"chunks":[0,1,9],"assets":["0-bf31234f46719583d020.js","0-bf31234f46719583d020.js.map","1.374453a1ffd52b737f4d.css","1-542fe559f53d46c39800.js","1-542fe559f53d46c39800.js.map","component---src-templates-project-js.3294dd1b2917bbc777a6.css","component---src-templates-project-js-39374337f043aee8545c.js","component---src-templates-project-js-39374337f043aee8545c.js.map"],"children":{},"childAssets":{}},"component---src-templates-lab-js":{"chunks":[0,1,8],"assets":["0-bf31234f46719583d020.js","0-bf31234f46719583d020.js.map","1.374453a1ffd52b737f4d.css","1-542fe559f53d46c39800.js","1-542fe559f53d46c39800.js.map","component---src-templates-lab-js.3294dd1b2917bbc777a6.css","component---src-templates-lab-js-eda840720014742bcd0e.js","component---src-templates-lab-js-eda840720014742bcd0e.js.map"],"children":{},"childAssets":{}},"component---src-pages-404-js":{"chunks":[0,3],"assets":["0-bf31234f46719583d020.js","0-bf31234f46719583d020.js.map","component---src-pages-404-js.3294dd1b2917bbc777a6.css","component---src-pages-404-js-1461d24834529e553f6a.js","component---src-pages-404-js-1461d24834529e553f6a.js.map"],"children":{},"childAssets":{}},"component---src-pages-contact-js":{"chunks":[0,1,11,4],"assets":["0-bf31234f46719583d020.js","0-bf31234f46719583d020.js.map","1.374453a1ffd52b737f4d.css","1-542fe559f53d46c39800.js","1-542fe559f53d46c39800.js.map","11-82b38c39f94e8afa7e3a.js","11-82b38c39f94e8afa7e3a.js.map","component---src-pages-contact-js.3294dd1b2917bbc777a6.css","component---src-pages-contact-js-569a7e13313f350b63d1.js","component---src-pages-contact-js-569a7e13313f350b63d1.js.map"],"children":{},"childAssets":{}},"component---src-pages-index-js":{"chunks":[0,12,5],"assets":["0-bf31234f46719583d020.js","0-bf31234f46719583d020.js.map","12-615240b7855ef65a39ba.js","12-615240b7855ef65a39ba.js.map","component---src-pages-index-js.3294dd1b2917bbc777a6.css","component---src-pages-index-js-8ca2342858128c925bf9.js","component---src-pages-index-js-8ca2342858128c925bf9.js.map"],"children":{},"childAssets":{}},"component---src-pages-labs-js":{"chunks":[0,6],"assets":["0-bf31234f46719583d020.js","0-bf31234f46719583d020.js.map","component---src-pages-labs-js.3294dd1b2917bbc777a6.css","component---src-pages-labs-js-86367d850d14b0003180.js","component---src-pages-labs-js-86367d850d14b0003180.js.map"],"children":{},"childAssets":{}},"component---src-pages-portfolio-js":{"chunks":[0,7],"assets":["0-bf31234f46719583d020.js","0-bf31234f46719583d020.js.map","component---src-pages-portfolio-js.3294dd1b2917bbc777a6.css","component---src-pages-portfolio-js-27e3e0007f11340e8398.js","component---src-pages-portfolio-js-27e3e0007f11340e8398.js.map"],"children":{},"childAssets":{}}},"assetsByChunkName":{"app":["webpack-runtime-7a1a815c730872861fd3.js","app-4ad5ff2c9336c8de8375.js"],"component---src-templates-project-js":["0-bf31234f46719583d020.js","1.374453a1ffd52b737f4d.css","1-542fe559f53d46c39800.js","component---src-templates-project-js.3294dd1b2917bbc777a6.css","component---src-templates-project-js-39374337f043aee8545c.js"],"component---src-templates-lab-js":["0-bf31234f46719583d020.js","1.374453a1ffd52b737f4d.css","1-542fe559f53d46c39800.js","component---src-templates-lab-js.3294dd1b2917bbc777a6.css","component---src-templates-lab-js-eda840720014742bcd0e.js"],"component---src-pages-404-js":["0-bf31234f46719583d020.js","component---src-pages-404-js.3294dd1b2917bbc777a6.css","component---src-pages-404-js-1461d24834529e553f6a.js"],"component---src-pages-contact-js":["0-bf31234f46719583d020.js","1.374453a1ffd52b737f4d.css","1-542fe559f53d46c39800.js","11-82b38c39f94e8afa7e3a.js","component---src-pages-contact-js.3294dd1b2917bbc777a6.css","component---src-pages-contact-js-569a7e13313f350b63d1.js"],"component---src-pages-index-js":["0-bf31234f46719583d020.js","12-615240b7855ef65a39ba.js","component---src-pages-index-js.3294dd1b2917bbc777a6.css","component---src-pages-index-js-8ca2342858128c925bf9.js"],"component---src-pages-labs-js":["0-bf31234f46719583d020.js","component---src-pages-labs-js.3294dd1b2917bbc777a6.css","component---src-pages-labs-js-86367d850d14b0003180.js"],"component---src-pages-portfolio-js":["0-bf31234f46719583d020.js","component---src-pages-portfolio-js.3294dd1b2917bbc777a6.css","component---src-pages-portfolio-js-27e3e0007f11340e8398.js"]}}