{"errors":[],"warnings":[],"namedChunkGroups":{"app":{"chunks":[10,2],"assets":["webpack-runtime-05d322e539ea0607adc6.js","webpack-runtime-05d322e539ea0607adc6.js.map","app-50a422f066ccfd74d795.js","app-50a422f066ccfd74d795.js.map"],"children":{},"childAssets":{}},"component---src-templates-lab-js":{"chunks":[0,1,8],"assets":["0-37c681a432b9c485b485.js","0-37c681a432b9c485b485.js.map","1.374453a1ffd52b737f4d.css","1-215e93c8025118b6c2cd.js","1-215e93c8025118b6c2cd.js.map","component---src-templates-lab-js.d179e1d4e486760a50dd.css","component---src-templates-lab-js-5a2ff64e5b5458f10a5d.js","component---src-templates-lab-js-5a2ff64e5b5458f10a5d.js.map"],"children":{},"childAssets":{}},"component---src-templates-project-js":{"chunks":[0,1,9],"assets":["0-37c681a432b9c485b485.js","0-37c681a432b9c485b485.js.map","1.374453a1ffd52b737f4d.css","1-215e93c8025118b6c2cd.js","1-215e93c8025118b6c2cd.js.map","component---src-templates-project-js.d179e1d4e486760a50dd.css","component---src-templates-project-js-f68a6b2e7358b91f29bd.js","component---src-templates-project-js-f68a6b2e7358b91f29bd.js.map"],"children":{},"childAssets":{}},"component---src-pages-404-js":{"chunks":[0,3],"assets":["0-37c681a432b9c485b485.js","0-37c681a432b9c485b485.js.map","component---src-pages-404-js.d179e1d4e486760a50dd.css","component---src-pages-404-js-ac120df8d435ae4e91fa.js","component---src-pages-404-js-ac120df8d435ae4e91fa.js.map"],"children":{},"childAssets":{}},"component---src-pages-contact-js":{"chunks":[0,1,4],"assets":["0-37c681a432b9c485b485.js","0-37c681a432b9c485b485.js.map","1.374453a1ffd52b737f4d.css","1-215e93c8025118b6c2cd.js","1-215e93c8025118b6c2cd.js.map","component---src-pages-contact-js.1053b6ecba144599f39c.css","component---src-pages-contact-js-22193800039b8871be23.js","component---src-pages-contact-js-22193800039b8871be23.js.map"],"children":{},"childAssets":{}},"component---src-pages-index-js":{"chunks":[0,12,5],"assets":["0-37c681a432b9c485b485.js","0-37c681a432b9c485b485.js.map","12-68866dab7812c6a66411.js","12-68866dab7812c6a66411.js.map","component---src-pages-index-js.3ab4aa544e4323ff4a3f.css","component---src-pages-index-js-dd7f5e8ba743b4043b16.js","component---src-pages-index-js-dd7f5e8ba743b4043b16.js.map"],"children":{},"childAssets":{}},"component---src-pages-labs-js":{"chunks":[0,6],"assets":["0-37c681a432b9c485b485.js","0-37c681a432b9c485b485.js.map","component---src-pages-labs-js.d179e1d4e486760a50dd.css","component---src-pages-labs-js-a9fb2fe7dd61805b466f.js","component---src-pages-labs-js-a9fb2fe7dd61805b466f.js.map"],"children":{},"childAssets":{}},"component---src-pages-portfolio-js":{"chunks":[0,7],"assets":["0-37c681a432b9c485b485.js","0-37c681a432b9c485b485.js.map","component---src-pages-portfolio-js.d179e1d4e486760a50dd.css","component---src-pages-portfolio-js-a6d2dab8f154e6ca4e77.js","component---src-pages-portfolio-js-a6d2dab8f154e6ca4e77.js.map"],"children":{},"childAssets":{}}},"assetsByChunkName":{"app":["webpack-runtime-05d322e539ea0607adc6.js","app-50a422f066ccfd74d795.js"],"component---src-templates-lab-js":["0-37c681a432b9c485b485.js","1.374453a1ffd52b737f4d.css","1-215e93c8025118b6c2cd.js","component---src-templates-lab-js.d179e1d4e486760a50dd.css","component---src-templates-lab-js-5a2ff64e5b5458f10a5d.js"],"component---src-templates-project-js":["0-37c681a432b9c485b485.js","1.374453a1ffd52b737f4d.css","1-215e93c8025118b6c2cd.js","component---src-templates-project-js.d179e1d4e486760a50dd.css","component---src-templates-project-js-f68a6b2e7358b91f29bd.js"],"component---src-pages-404-js":["0-37c681a432b9c485b485.js","component---src-pages-404-js.d179e1d4e486760a50dd.css","component---src-pages-404-js-ac120df8d435ae4e91fa.js"],"component---src-pages-contact-js":["0-37c681a432b9c485b485.js","1.374453a1ffd52b737f4d.css","1-215e93c8025118b6c2cd.js","component---src-pages-contact-js.1053b6ecba144599f39c.css","component---src-pages-contact-js-22193800039b8871be23.js"],"component---src-pages-index-js":["0-37c681a432b9c485b485.js","12-68866dab7812c6a66411.js","component---src-pages-index-js.3ab4aa544e4323ff4a3f.css","component---src-pages-index-js-dd7f5e8ba743b4043b16.js"],"component---src-pages-labs-js":["0-37c681a432b9c485b485.js","component---src-pages-labs-js.d179e1d4e486760a50dd.css","component---src-pages-labs-js-a9fb2fe7dd61805b466f.js"],"component---src-pages-portfolio-js":["0-37c681a432b9c485b485.js","component---src-pages-portfolio-js.d179e1d4e486760a50dd.css","component---src-pages-portfolio-js-a6d2dab8f154e6ca4e77.js"]}}