{"errors":[],"warnings":[],"namedChunkGroups":{"app":{"chunks":[10,2],"assets":["webpack-runtime-9c00da5ae48f19d8948c.js","webpack-runtime-9c00da5ae48f19d8948c.js.map","app-50a422f066ccfd74d795.js","app-50a422f066ccfd74d795.js.map"],"children":{},"childAssets":{}},"component---src-templates-lab-js":{"chunks":[0,1,8],"assets":["0-37c681a432b9c485b485.js","0-37c681a432b9c485b485.js.map","1.374453a1ffd52b737f4d.css","1-215e93c8025118b6c2cd.js","1-215e93c8025118b6c2cd.js.map","component---src-templates-lab-js.df9cace7fef27953b7d4.css","component---src-templates-lab-js-55f64d81e75bd2ae8f19.js","component---src-templates-lab-js-55f64d81e75bd2ae8f19.js.map"],"children":{},"childAssets":{}},"component---src-templates-project-js":{"chunks":[0,1,9],"assets":["0-37c681a432b9c485b485.js","0-37c681a432b9c485b485.js.map","1.374453a1ffd52b737f4d.css","1-215e93c8025118b6c2cd.js","1-215e93c8025118b6c2cd.js.map","component---src-templates-project-js.df9cace7fef27953b7d4.css","component---src-templates-project-js-e0604851b73c964d2daa.js","component---src-templates-project-js-e0604851b73c964d2daa.js.map"],"children":{},"childAssets":{}},"component---src-pages-404-js":{"chunks":[0,3],"assets":["0-37c681a432b9c485b485.js","0-37c681a432b9c485b485.js.map","component---src-pages-404-js.df9cace7fef27953b7d4.css","component---src-pages-404-js-9a2b8aa68a75e68bd836.js","component---src-pages-404-js-9a2b8aa68a75e68bd836.js.map"],"children":{},"childAssets":{}},"component---src-pages-contact-js":{"chunks":[0,1,4],"assets":["0-37c681a432b9c485b485.js","0-37c681a432b9c485b485.js.map","1.374453a1ffd52b737f4d.css","1-215e93c8025118b6c2cd.js","1-215e93c8025118b6c2cd.js.map","component---src-pages-contact-js.df9cace7fef27953b7d4.css","component---src-pages-contact-js-7ffb696ed9c5a9fe2e61.js","component---src-pages-contact-js-7ffb696ed9c5a9fe2e61.js.map"],"children":{},"childAssets":{}},"component---src-pages-index-js":{"chunks":[0,12,5],"assets":["0-37c681a432b9c485b485.js","0-37c681a432b9c485b485.js.map","12-68866dab7812c6a66411.js","12-68866dab7812c6a66411.js.map","component---src-pages-index-js.df9cace7fef27953b7d4.css","component---src-pages-index-js-793a63b6ef779322a909.js","component---src-pages-index-js-793a63b6ef779322a909.js.map"],"children":{},"childAssets":{}},"component---src-pages-labs-js":{"chunks":[0,6],"assets":["0-37c681a432b9c485b485.js","0-37c681a432b9c485b485.js.map","component---src-pages-labs-js.df9cace7fef27953b7d4.css","component---src-pages-labs-js-f0a9d621de5fc75c7a95.js","component---src-pages-labs-js-f0a9d621de5fc75c7a95.js.map"],"children":{},"childAssets":{}},"component---src-pages-portfolio-js":{"chunks":[0,7],"assets":["0-37c681a432b9c485b485.js","0-37c681a432b9c485b485.js.map","component---src-pages-portfolio-js.df9cace7fef27953b7d4.css","component---src-pages-portfolio-js-739948525d3473b90804.js","component---src-pages-portfolio-js-739948525d3473b90804.js.map"],"children":{},"childAssets":{}}},"assetsByChunkName":{"app":["webpack-runtime-9c00da5ae48f19d8948c.js","app-50a422f066ccfd74d795.js"],"component---src-templates-lab-js":["0-37c681a432b9c485b485.js","1.374453a1ffd52b737f4d.css","1-215e93c8025118b6c2cd.js","component---src-templates-lab-js.df9cace7fef27953b7d4.css","component---src-templates-lab-js-55f64d81e75bd2ae8f19.js"],"component---src-templates-project-js":["0-37c681a432b9c485b485.js","1.374453a1ffd52b737f4d.css","1-215e93c8025118b6c2cd.js","component---src-templates-project-js.df9cace7fef27953b7d4.css","component---src-templates-project-js-e0604851b73c964d2daa.js"],"component---src-pages-404-js":["0-37c681a432b9c485b485.js","component---src-pages-404-js.df9cace7fef27953b7d4.css","component---src-pages-404-js-9a2b8aa68a75e68bd836.js"],"component---src-pages-contact-js":["0-37c681a432b9c485b485.js","1.374453a1ffd52b737f4d.css","1-215e93c8025118b6c2cd.js","component---src-pages-contact-js.df9cace7fef27953b7d4.css","component---src-pages-contact-js-7ffb696ed9c5a9fe2e61.js"],"component---src-pages-index-js":["0-37c681a432b9c485b485.js","12-68866dab7812c6a66411.js","component---src-pages-index-js.df9cace7fef27953b7d4.css","component---src-pages-index-js-793a63b6ef779322a909.js"],"component---src-pages-labs-js":["0-37c681a432b9c485b485.js","component---src-pages-labs-js.df9cace7fef27953b7d4.css","component---src-pages-labs-js-f0a9d621de5fc75c7a95.js"],"component---src-pages-portfolio-js":["0-37c681a432b9c485b485.js","component---src-pages-portfolio-js.df9cace7fef27953b7d4.css","component---src-pages-portfolio-js-739948525d3473b90804.js"]}}