{"errors":[],"warnings":[],"namedChunkGroups":{"app":{"chunks":[10,2],"assets":["webpack-runtime-773764e1d624eea2dfb0.js","webpack-runtime-773764e1d624eea2dfb0.js.map","app-4a40a0316cb75877e186.js","app-4a40a0316cb75877e186.js.map"],"children":{},"childAssets":{}},"component---src-templates-lab-js":{"chunks":[0,1,8],"assets":["0-ea288487e436818d4b8c.js","0-ea288487e436818d4b8c.js.map","1.374453a1ffd52b737f4d.css","1-271e8fe10a8c0da931d7.js","1-271e8fe10a8c0da931d7.js.map","component---src-templates-lab-js.3294dd1b2917bbc777a6.css","component---src-templates-lab-js-a4b6cab54a5e543014f4.js","component---src-templates-lab-js-a4b6cab54a5e543014f4.js.map"],"children":{},"childAssets":{}},"component---src-templates-project-js":{"chunks":[0,1,9],"assets":["0-ea288487e436818d4b8c.js","0-ea288487e436818d4b8c.js.map","1.374453a1ffd52b737f4d.css","1-271e8fe10a8c0da931d7.js","1-271e8fe10a8c0da931d7.js.map","component---src-templates-project-js.3294dd1b2917bbc777a6.css","component---src-templates-project-js-a6241011f65f11421c6e.js","component---src-templates-project-js-a6241011f65f11421c6e.js.map"],"children":{},"childAssets":{}},"component---src-pages-404-js":{"chunks":[0,3],"assets":["0-ea288487e436818d4b8c.js","0-ea288487e436818d4b8c.js.map","component---src-pages-404-js.3294dd1b2917bbc777a6.css","component---src-pages-404-js-4b18df4c8f4869866246.js","component---src-pages-404-js-4b18df4c8f4869866246.js.map"],"children":{},"childAssets":{}},"component---src-pages-contact-js":{"chunks":[0,1,11,4],"assets":["0-ea288487e436818d4b8c.js","0-ea288487e436818d4b8c.js.map","1.374453a1ffd52b737f4d.css","1-271e8fe10a8c0da931d7.js","1-271e8fe10a8c0da931d7.js.map","11-96a2c4d195ac036a1cfc.js","11-96a2c4d195ac036a1cfc.js.map","component---src-pages-contact-js.3294dd1b2917bbc777a6.css","component---src-pages-contact-js-d481bea38e67093842a4.js","component---src-pages-contact-js-d481bea38e67093842a4.js.map"],"children":{},"childAssets":{}},"component---src-pages-index-js":{"chunks":[0,12,5],"assets":["0-ea288487e436818d4b8c.js","0-ea288487e436818d4b8c.js.map","12-0cfb52bceb207d8a145c.js","12-0cfb52bceb207d8a145c.js.map","component---src-pages-index-js.3294dd1b2917bbc777a6.css","component---src-pages-index-js-bd534a54aa192d3a40d4.js","component---src-pages-index-js-bd534a54aa192d3a40d4.js.map"],"children":{},"childAssets":{}},"component---src-pages-labs-js":{"chunks":[0,6],"assets":["0-ea288487e436818d4b8c.js","0-ea288487e436818d4b8c.js.map","component---src-pages-labs-js.3294dd1b2917bbc777a6.css","component---src-pages-labs-js-9d4b3576958c3a62c75c.js","component---src-pages-labs-js-9d4b3576958c3a62c75c.js.map"],"children":{},"childAssets":{}},"component---src-pages-portfolio-js":{"chunks":[0,7],"assets":["0-ea288487e436818d4b8c.js","0-ea288487e436818d4b8c.js.map","component---src-pages-portfolio-js.3294dd1b2917bbc777a6.css","component---src-pages-portfolio-js-ce8230c334e030886eb3.js","component---src-pages-portfolio-js-ce8230c334e030886eb3.js.map"],"children":{},"childAssets":{}}},"assetsByChunkName":{"app":["webpack-runtime-773764e1d624eea2dfb0.js","app-4a40a0316cb75877e186.js"],"component---src-templates-lab-js":["0-ea288487e436818d4b8c.js","1.374453a1ffd52b737f4d.css","1-271e8fe10a8c0da931d7.js","component---src-templates-lab-js.3294dd1b2917bbc777a6.css","component---src-templates-lab-js-a4b6cab54a5e543014f4.js"],"component---src-templates-project-js":["0-ea288487e436818d4b8c.js","1.374453a1ffd52b737f4d.css","1-271e8fe10a8c0da931d7.js","component---src-templates-project-js.3294dd1b2917bbc777a6.css","component---src-templates-project-js-a6241011f65f11421c6e.js"],"component---src-pages-404-js":["0-ea288487e436818d4b8c.js","component---src-pages-404-js.3294dd1b2917bbc777a6.css","component---src-pages-404-js-4b18df4c8f4869866246.js"],"component---src-pages-contact-js":["0-ea288487e436818d4b8c.js","1.374453a1ffd52b737f4d.css","1-271e8fe10a8c0da931d7.js","11-96a2c4d195ac036a1cfc.js","component---src-pages-contact-js.3294dd1b2917bbc777a6.css","component---src-pages-contact-js-d481bea38e67093842a4.js"],"component---src-pages-index-js":["0-ea288487e436818d4b8c.js","12-0cfb52bceb207d8a145c.js","component---src-pages-index-js.3294dd1b2917bbc777a6.css","component---src-pages-index-js-bd534a54aa192d3a40d4.js"],"component---src-pages-labs-js":["0-ea288487e436818d4b8c.js","component---src-pages-labs-js.3294dd1b2917bbc777a6.css","component---src-pages-labs-js-9d4b3576958c3a62c75c.js"],"component---src-pages-portfolio-js":["0-ea288487e436818d4b8c.js","component---src-pages-portfolio-js.3294dd1b2917bbc777a6.css","component---src-pages-portfolio-js-ce8230c334e030886eb3.js"]}}