{"errors":[],"warnings":[],"namedChunkGroups":{"app":{"chunks":[10,2],"assets":["webpack-runtime-505ff6126e6affaf17e4.js","webpack-runtime-505ff6126e6affaf17e4.js.map","app-50a422f066ccfd74d795.js","app-50a422f066ccfd74d795.js.map"],"children":{},"childAssets":{}},"component---src-templates-lab-js":{"chunks":[0,1,8],"assets":["0-37c681a432b9c485b485.js","0-37c681a432b9c485b485.js.map","1.374453a1ffd52b737f4d.css","1-215e93c8025118b6c2cd.js","1-215e93c8025118b6c2cd.js.map","component---src-templates-lab-js.3294dd1b2917bbc777a6.css","component---src-templates-lab-js-afb56f9596014ed35950.js","component---src-templates-lab-js-afb56f9596014ed35950.js.map"],"children":{},"childAssets":{}},"component---src-templates-project-js":{"chunks":[0,1,9],"assets":["0-37c681a432b9c485b485.js","0-37c681a432b9c485b485.js.map","1.374453a1ffd52b737f4d.css","1-215e93c8025118b6c2cd.js","1-215e93c8025118b6c2cd.js.map","component---src-templates-project-js.3294dd1b2917bbc777a6.css","component---src-templates-project-js-3b251083847d19cca759.js","component---src-templates-project-js-3b251083847d19cca759.js.map"],"children":{},"childAssets":{}},"component---src-pages-404-js":{"chunks":[0,3],"assets":["0-37c681a432b9c485b485.js","0-37c681a432b9c485b485.js.map","component---src-pages-404-js.3294dd1b2917bbc777a6.css","component---src-pages-404-js-bc44ecc40c1a3cfb0186.js","component---src-pages-404-js-bc44ecc40c1a3cfb0186.js.map"],"children":{},"childAssets":{}},"component---src-pages-contact-js":{"chunks":[0,1,4],"assets":["0-37c681a432b9c485b485.js","0-37c681a432b9c485b485.js.map","1.374453a1ffd52b737f4d.css","1-215e93c8025118b6c2cd.js","1-215e93c8025118b6c2cd.js.map","component---src-pages-contact-js.3294dd1b2917bbc777a6.css","component---src-pages-contact-js-f57386cedbb2b8edadaa.js","component---src-pages-contact-js-f57386cedbb2b8edadaa.js.map"],"children":{},"childAssets":{}},"component---src-pages-index-js":{"chunks":[0,12,5],"assets":["0-37c681a432b9c485b485.js","0-37c681a432b9c485b485.js.map","12-68866dab7812c6a66411.js","12-68866dab7812c6a66411.js.map","component---src-pages-index-js.3294dd1b2917bbc777a6.css","component---src-pages-index-js-ccf527a48b856004bfc7.js","component---src-pages-index-js-ccf527a48b856004bfc7.js.map"],"children":{},"childAssets":{}},"component---src-pages-labs-js":{"chunks":[0,6],"assets":["0-37c681a432b9c485b485.js","0-37c681a432b9c485b485.js.map","component---src-pages-labs-js.3294dd1b2917bbc777a6.css","component---src-pages-labs-js-979cc018f4d9bea820e8.js","component---src-pages-labs-js-979cc018f4d9bea820e8.js.map"],"children":{},"childAssets":{}},"component---src-pages-portfolio-js":{"chunks":[0,7],"assets":["0-37c681a432b9c485b485.js","0-37c681a432b9c485b485.js.map","component---src-pages-portfolio-js.3294dd1b2917bbc777a6.css","component---src-pages-portfolio-js-014bbf8e5e019797c588.js","component---src-pages-portfolio-js-014bbf8e5e019797c588.js.map"],"children":{},"childAssets":{}}},"assetsByChunkName":{"app":["webpack-runtime-505ff6126e6affaf17e4.js","app-50a422f066ccfd74d795.js"],"component---src-templates-lab-js":["0-37c681a432b9c485b485.js","1.374453a1ffd52b737f4d.css","1-215e93c8025118b6c2cd.js","component---src-templates-lab-js.3294dd1b2917bbc777a6.css","component---src-templates-lab-js-afb56f9596014ed35950.js"],"component---src-templates-project-js":["0-37c681a432b9c485b485.js","1.374453a1ffd52b737f4d.css","1-215e93c8025118b6c2cd.js","component---src-templates-project-js.3294dd1b2917bbc777a6.css","component---src-templates-project-js-3b251083847d19cca759.js"],"component---src-pages-404-js":["0-37c681a432b9c485b485.js","component---src-pages-404-js.3294dd1b2917bbc777a6.css","component---src-pages-404-js-bc44ecc40c1a3cfb0186.js"],"component---src-pages-contact-js":["0-37c681a432b9c485b485.js","1.374453a1ffd52b737f4d.css","1-215e93c8025118b6c2cd.js","component---src-pages-contact-js.3294dd1b2917bbc777a6.css","component---src-pages-contact-js-f57386cedbb2b8edadaa.js"],"component---src-pages-index-js":["0-37c681a432b9c485b485.js","12-68866dab7812c6a66411.js","component---src-pages-index-js.3294dd1b2917bbc777a6.css","component---src-pages-index-js-ccf527a48b856004bfc7.js"],"component---src-pages-labs-js":["0-37c681a432b9c485b485.js","component---src-pages-labs-js.3294dd1b2917bbc777a6.css","component---src-pages-labs-js-979cc018f4d9bea820e8.js"],"component---src-pages-portfolio-js":["0-37c681a432b9c485b485.js","component---src-pages-portfolio-js.3294dd1b2917bbc777a6.css","component---src-pages-portfolio-js-014bbf8e5e019797c588.js"]}}