{"errors":[],"warnings":[],"namedChunkGroups":{"app":{"chunks":[10,2],"assets":["webpack-runtime-ce8c63365b5c209ce102.js","webpack-runtime-ce8c63365b5c209ce102.js.map","app-c806b1387be5f16969ec.js","app-c806b1387be5f16969ec.js.map"],"children":{},"childAssets":{}},"component---src-templates-project-js":{"chunks":[0,1,9],"assets":["0-e111ec300922cd2e6297.js","0-e111ec300922cd2e6297.js.map","1.374453a1ffd52b737f4d.css","1-765a2f3824e664cc17d2.js","1-765a2f3824e664cc17d2.js.map","component---src-templates-project-js.d179e1d4e486760a50dd.css","component---src-templates-project-js-34840dc55fa48a620b63.js","component---src-templates-project-js-34840dc55fa48a620b63.js.map"],"children":{},"childAssets":{}},"component---src-templates-lab-js":{"chunks":[0,1,8],"assets":["0-e111ec300922cd2e6297.js","0-e111ec300922cd2e6297.js.map","1.374453a1ffd52b737f4d.css","1-765a2f3824e664cc17d2.js","1-765a2f3824e664cc17d2.js.map","component---src-templates-lab-js.d179e1d4e486760a50dd.css","component---src-templates-lab-js-f8f4fc9ccc8e5943a51b.js","component---src-templates-lab-js-f8f4fc9ccc8e5943a51b.js.map"],"children":{},"childAssets":{}},"component---src-pages-404-js":{"chunks":[0,3],"assets":["0-e111ec300922cd2e6297.js","0-e111ec300922cd2e6297.js.map","component---src-pages-404-js.d179e1d4e486760a50dd.css","component---src-pages-404-js-436c641663894c18430d.js","component---src-pages-404-js-436c641663894c18430d.js.map"],"children":{},"childAssets":{}},"component---src-pages-contact-js":{"chunks":[0,1,4],"assets":["0-e111ec300922cd2e6297.js","0-e111ec300922cd2e6297.js.map","1.374453a1ffd52b737f4d.css","1-765a2f3824e664cc17d2.js","1-765a2f3824e664cc17d2.js.map","component---src-pages-contact-js.1053b6ecba144599f39c.css","component---src-pages-contact-js-1594450b582d76783af8.js","component---src-pages-contact-js-1594450b582d76783af8.js.map"],"children":{},"childAssets":{}},"component---src-pages-index-js":{"chunks":[0,12,5],"assets":["0-e111ec300922cd2e6297.js","0-e111ec300922cd2e6297.js.map","12-ccc969bd15fc81339469.js","12-ccc969bd15fc81339469.js.map","component---src-pages-index-js.3ab4aa544e4323ff4a3f.css","component---src-pages-index-js-f571482278f065123ce7.js","component---src-pages-index-js-f571482278f065123ce7.js.map"],"children":{},"childAssets":{}},"component---src-pages-labs-js":{"chunks":[0,6],"assets":["0-e111ec300922cd2e6297.js","0-e111ec300922cd2e6297.js.map","component---src-pages-labs-js.d179e1d4e486760a50dd.css","component---src-pages-labs-js-03d41711774f5154d419.js","component---src-pages-labs-js-03d41711774f5154d419.js.map"],"children":{},"childAssets":{}},"component---src-pages-portfolio-js":{"chunks":[0,7],"assets":["0-e111ec300922cd2e6297.js","0-e111ec300922cd2e6297.js.map","component---src-pages-portfolio-js.d179e1d4e486760a50dd.css","component---src-pages-portfolio-js-946a9246622ae4141697.js","component---src-pages-portfolio-js-946a9246622ae4141697.js.map"],"children":{},"childAssets":{}}},"assetsByChunkName":{"app":["webpack-runtime-ce8c63365b5c209ce102.js","app-c806b1387be5f16969ec.js"],"component---src-templates-project-js":["0-e111ec300922cd2e6297.js","1.374453a1ffd52b737f4d.css","1-765a2f3824e664cc17d2.js","component---src-templates-project-js.d179e1d4e486760a50dd.css","component---src-templates-project-js-34840dc55fa48a620b63.js"],"component---src-templates-lab-js":["0-e111ec300922cd2e6297.js","1.374453a1ffd52b737f4d.css","1-765a2f3824e664cc17d2.js","component---src-templates-lab-js.d179e1d4e486760a50dd.css","component---src-templates-lab-js-f8f4fc9ccc8e5943a51b.js"],"component---src-pages-404-js":["0-e111ec300922cd2e6297.js","component---src-pages-404-js.d179e1d4e486760a50dd.css","component---src-pages-404-js-436c641663894c18430d.js"],"component---src-pages-contact-js":["0-e111ec300922cd2e6297.js","1.374453a1ffd52b737f4d.css","1-765a2f3824e664cc17d2.js","component---src-pages-contact-js.1053b6ecba144599f39c.css","component---src-pages-contact-js-1594450b582d76783af8.js"],"component---src-pages-index-js":["0-e111ec300922cd2e6297.js","12-ccc969bd15fc81339469.js","component---src-pages-index-js.3ab4aa544e4323ff4a3f.css","component---src-pages-index-js-f571482278f065123ce7.js"],"component---src-pages-labs-js":["0-e111ec300922cd2e6297.js","component---src-pages-labs-js.d179e1d4e486760a50dd.css","component---src-pages-labs-js-03d41711774f5154d419.js"],"component---src-pages-portfolio-js":["0-e111ec300922cd2e6297.js","component---src-pages-portfolio-js.d179e1d4e486760a50dd.css","component---src-pages-portfolio-js-946a9246622ae4141697.js"]}}