{"errors":[],"warnings":[],"namedChunkGroups":{"app":{"chunks":[11,3],"assets":["webpack-runtime-d4f706c2a8a6f9a214ed.js","webpack-runtime-d4f706c2a8a6f9a214ed.js.map","app-f52c3c6fafb1fe9d0a6a.js","app-f52c3c6fafb1fe9d0a6a.js.map"],"children":{},"childAssets":{}},"component---src-templates-project-js":{"chunks":[0,1,10],"assets":["0-d5c571906c912f651781.js","0-d5c571906c912f651781.js.map","1.374453a1ffd52b737f4d.css","1-271e8fe10a8c0da931d7.js","1-271e8fe10a8c0da931d7.js.map","component---src-templates-project-js.3294dd1b2917bbc777a6.css","component---src-templates-project-js-e55f8e77316ee1fe831e.js","component---src-templates-project-js-e55f8e77316ee1fe831e.js.map"],"children":{},"childAssets":{}},"component---src-templates-lab-js":{"chunks":[0,1,9],"assets":["0-d5c571906c912f651781.js","0-d5c571906c912f651781.js.map","1.374453a1ffd52b737f4d.css","1-271e8fe10a8c0da931d7.js","1-271e8fe10a8c0da931d7.js.map","component---src-templates-lab-js.3294dd1b2917bbc777a6.css","component---src-templates-lab-js-ed1703e34d875d1ebaed.js","component---src-templates-lab-js-ed1703e34d875d1ebaed.js.map"],"children":{},"childAssets":{}},"component---src-pages-404-js":{"chunks":[0,4],"assets":["0-d5c571906c912f651781.js","0-d5c571906c912f651781.js.map","component---src-pages-404-js.3294dd1b2917bbc777a6.css","component---src-pages-404-js-391163b3d52a6aa2c7cc.js","component---src-pages-404-js-391163b3d52a6aa2c7cc.js.map"],"children":{},"childAssets":{}},"component---src-pages-contact-js":{"chunks":[0,1,2,12,5],"assets":["0-d5c571906c912f651781.js","0-d5c571906c912f651781.js.map","1.374453a1ffd52b737f4d.css","1-271e8fe10a8c0da931d7.js","1-271e8fe10a8c0da931d7.js.map","2-3a342ce1897b009fe9a4.js","2-3a342ce1897b009fe9a4.js.map","12-bc3740accc83b839c464.js","12-bc3740accc83b839c464.js.map","component---src-pages-contact-js.3294dd1b2917bbc777a6.css","component---src-pages-contact-js-0c263126ad701148b7f7.js","component---src-pages-contact-js-0c263126ad701148b7f7.js.map"],"children":{},"childAssets":{}},"component---src-pages-index-js":{"chunks":[0,2,6],"assets":["0-d5c571906c912f651781.js","0-d5c571906c912f651781.js.map","2-3a342ce1897b009fe9a4.js","2-3a342ce1897b009fe9a4.js.map","component---src-pages-index-js.3294dd1b2917bbc777a6.css","component---src-pages-index-js-77299c1672569337336e.js","component---src-pages-index-js-77299c1672569337336e.js.map"],"children":{},"childAssets":{}},"component---src-pages-labs-js":{"chunks":[0,7],"assets":["0-d5c571906c912f651781.js","0-d5c571906c912f651781.js.map","component---src-pages-labs-js.3294dd1b2917bbc777a6.css","component---src-pages-labs-js-e149573d34ebd9730ca5.js","component---src-pages-labs-js-e149573d34ebd9730ca5.js.map"],"children":{},"childAssets":{}},"component---src-pages-portfolio-js":{"chunks":[0,8],"assets":["0-d5c571906c912f651781.js","0-d5c571906c912f651781.js.map","component---src-pages-portfolio-js.3294dd1b2917bbc777a6.css","component---src-pages-portfolio-js-e21cb51f4e3015a09908.js","component---src-pages-portfolio-js-e21cb51f4e3015a09908.js.map"],"children":{},"childAssets":{}}},"assetsByChunkName":{"app":["webpack-runtime-d4f706c2a8a6f9a214ed.js","app-f52c3c6fafb1fe9d0a6a.js"],"component---src-templates-project-js":["0-d5c571906c912f651781.js","1.374453a1ffd52b737f4d.css","1-271e8fe10a8c0da931d7.js","component---src-templates-project-js.3294dd1b2917bbc777a6.css","component---src-templates-project-js-e55f8e77316ee1fe831e.js"],"component---src-templates-lab-js":["0-d5c571906c912f651781.js","1.374453a1ffd52b737f4d.css","1-271e8fe10a8c0da931d7.js","component---src-templates-lab-js.3294dd1b2917bbc777a6.css","component---src-templates-lab-js-ed1703e34d875d1ebaed.js"],"component---src-pages-404-js":["0-d5c571906c912f651781.js","component---src-pages-404-js.3294dd1b2917bbc777a6.css","component---src-pages-404-js-391163b3d52a6aa2c7cc.js"],"component---src-pages-contact-js":["0-d5c571906c912f651781.js","1.374453a1ffd52b737f4d.css","1-271e8fe10a8c0da931d7.js","2-3a342ce1897b009fe9a4.js","12-bc3740accc83b839c464.js","component---src-pages-contact-js.3294dd1b2917bbc777a6.css","component---src-pages-contact-js-0c263126ad701148b7f7.js"],"component---src-pages-index-js":["0-d5c571906c912f651781.js","2-3a342ce1897b009fe9a4.js","component---src-pages-index-js.3294dd1b2917bbc777a6.css","component---src-pages-index-js-77299c1672569337336e.js"],"component---src-pages-labs-js":["0-d5c571906c912f651781.js","component---src-pages-labs-js.3294dd1b2917bbc777a6.css","component---src-pages-labs-js-e149573d34ebd9730ca5.js"],"component---src-pages-portfolio-js":["0-d5c571906c912f651781.js","component---src-pages-portfolio-js.3294dd1b2917bbc777a6.css","component---src-pages-portfolio-js-e21cb51f4e3015a09908.js"]}}