{"errors":[],"warnings":[],"namedChunkGroups":{"app":{"chunks":[10,2],"assets":["webpack-runtime-41199057dd3f09179eda.js","webpack-runtime-41199057dd3f09179eda.js.map","app-c806b1387be5f16969ec.js","app-c806b1387be5f16969ec.js.map"],"children":{},"childAssets":{}},"component---src-templates-project-js":{"chunks":[0,1,9],"assets":["0-e111ec300922cd2e6297.js","0-e111ec300922cd2e6297.js.map","1.374453a1ffd52b737f4d.css","1-765a2f3824e664cc17d2.js","1-765a2f3824e664cc17d2.js.map","component---src-templates-project-js.d179e1d4e486760a50dd.css","component---src-templates-project-js-31f53484b1cd3f39830e.js","component---src-templates-project-js-31f53484b1cd3f39830e.js.map"],"children":{},"childAssets":{}},"component---src-templates-lab-js":{"chunks":[0,1,8],"assets":["0-e111ec300922cd2e6297.js","0-e111ec300922cd2e6297.js.map","1.374453a1ffd52b737f4d.css","1-765a2f3824e664cc17d2.js","1-765a2f3824e664cc17d2.js.map","component---src-templates-lab-js.d179e1d4e486760a50dd.css","component---src-templates-lab-js-6c00f6767d87c47ee4b9.js","component---src-templates-lab-js-6c00f6767d87c47ee4b9.js.map"],"children":{},"childAssets":{}},"component---src-pages-404-js":{"chunks":[0,3],"assets":["0-e111ec300922cd2e6297.js","0-e111ec300922cd2e6297.js.map","component---src-pages-404-js.d179e1d4e486760a50dd.css","component---src-pages-404-js-13ed84bb3d5ebed14a29.js","component---src-pages-404-js-13ed84bb3d5ebed14a29.js.map"],"children":{},"childAssets":{}},"component---src-pages-contact-js":{"chunks":[0,1,4],"assets":["0-e111ec300922cd2e6297.js","0-e111ec300922cd2e6297.js.map","1.374453a1ffd52b737f4d.css","1-765a2f3824e664cc17d2.js","1-765a2f3824e664cc17d2.js.map","component---src-pages-contact-js.1053b6ecba144599f39c.css","component---src-pages-contact-js-8929c59a3c53456ce1b3.js","component---src-pages-contact-js-8929c59a3c53456ce1b3.js.map"],"children":{},"childAssets":{}},"component---src-pages-index-js":{"chunks":[0,12,5],"assets":["0-e111ec300922cd2e6297.js","0-e111ec300922cd2e6297.js.map","12-ccc969bd15fc81339469.js","12-ccc969bd15fc81339469.js.map","component---src-pages-index-js.3ab4aa544e4323ff4a3f.css","component---src-pages-index-js-0284c10807814ffb2386.js","component---src-pages-index-js-0284c10807814ffb2386.js.map"],"children":{},"childAssets":{}},"component---src-pages-labs-js":{"chunks":[0,6],"assets":["0-e111ec300922cd2e6297.js","0-e111ec300922cd2e6297.js.map","component---src-pages-labs-js.d179e1d4e486760a50dd.css","component---src-pages-labs-js-de4a61fe59a223416acd.js","component---src-pages-labs-js-de4a61fe59a223416acd.js.map"],"children":{},"childAssets":{}},"component---src-pages-portfolio-js":{"chunks":[0,7],"assets":["0-e111ec300922cd2e6297.js","0-e111ec300922cd2e6297.js.map","component---src-pages-portfolio-js.d179e1d4e486760a50dd.css","component---src-pages-portfolio-js-cbd065e44c9150c4f383.js","component---src-pages-portfolio-js-cbd065e44c9150c4f383.js.map"],"children":{},"childAssets":{}}},"assetsByChunkName":{"app":["webpack-runtime-41199057dd3f09179eda.js","app-c806b1387be5f16969ec.js"],"component---src-templates-project-js":["0-e111ec300922cd2e6297.js","1.374453a1ffd52b737f4d.css","1-765a2f3824e664cc17d2.js","component---src-templates-project-js.d179e1d4e486760a50dd.css","component---src-templates-project-js-31f53484b1cd3f39830e.js"],"component---src-templates-lab-js":["0-e111ec300922cd2e6297.js","1.374453a1ffd52b737f4d.css","1-765a2f3824e664cc17d2.js","component---src-templates-lab-js.d179e1d4e486760a50dd.css","component---src-templates-lab-js-6c00f6767d87c47ee4b9.js"],"component---src-pages-404-js":["0-e111ec300922cd2e6297.js","component---src-pages-404-js.d179e1d4e486760a50dd.css","component---src-pages-404-js-13ed84bb3d5ebed14a29.js"],"component---src-pages-contact-js":["0-e111ec300922cd2e6297.js","1.374453a1ffd52b737f4d.css","1-765a2f3824e664cc17d2.js","component---src-pages-contact-js.1053b6ecba144599f39c.css","component---src-pages-contact-js-8929c59a3c53456ce1b3.js"],"component---src-pages-index-js":["0-e111ec300922cd2e6297.js","12-ccc969bd15fc81339469.js","component---src-pages-index-js.3ab4aa544e4323ff4a3f.css","component---src-pages-index-js-0284c10807814ffb2386.js"],"component---src-pages-labs-js":["0-e111ec300922cd2e6297.js","component---src-pages-labs-js.d179e1d4e486760a50dd.css","component---src-pages-labs-js-de4a61fe59a223416acd.js"],"component---src-pages-portfolio-js":["0-e111ec300922cd2e6297.js","component---src-pages-portfolio-js.d179e1d4e486760a50dd.css","component---src-pages-portfolio-js-cbd065e44c9150c4f383.js"]}}