{"errors":[],"warnings":[],"namedChunkGroups":{"app":{"chunks":[10,2],"assets":["webpack-runtime-b5435a207e7e66500ced.js","webpack-runtime-b5435a207e7e66500ced.js.map","app-50a422f066ccfd74d795.js","app-50a422f066ccfd74d795.js.map"],"children":{},"childAssets":{}},"component---src-templates-lab-js":{"chunks":[0,1,8],"assets":["0-37c681a432b9c485b485.js","0-37c681a432b9c485b485.js.map","1.374453a1ffd52b737f4d.css","1-215e93c8025118b6c2cd.js","1-215e93c8025118b6c2cd.js.map","component---src-templates-lab-js.df9cace7fef27953b7d4.css","component---src-templates-lab-js-3cd08e76934954b986b9.js","component---src-templates-lab-js-3cd08e76934954b986b9.js.map"],"children":{},"childAssets":{}},"component---src-templates-project-js":{"chunks":[0,1,9],"assets":["0-37c681a432b9c485b485.js","0-37c681a432b9c485b485.js.map","1.374453a1ffd52b737f4d.css","1-215e93c8025118b6c2cd.js","1-215e93c8025118b6c2cd.js.map","component---src-templates-project-js.df9cace7fef27953b7d4.css","component---src-templates-project-js-5e5ef58a5afcd29e31b6.js","component---src-templates-project-js-5e5ef58a5afcd29e31b6.js.map"],"children":{},"childAssets":{}},"component---src-pages-404-js":{"chunks":[0,3],"assets":["0-37c681a432b9c485b485.js","0-37c681a432b9c485b485.js.map","component---src-pages-404-js.df9cace7fef27953b7d4.css","component---src-pages-404-js-b56073dfd0ac9d0c2f48.js","component---src-pages-404-js-b56073dfd0ac9d0c2f48.js.map"],"children":{},"childAssets":{}},"component---src-pages-contact-js":{"chunks":[0,1,4],"assets":["0-37c681a432b9c485b485.js","0-37c681a432b9c485b485.js.map","1.374453a1ffd52b737f4d.css","1-215e93c8025118b6c2cd.js","1-215e93c8025118b6c2cd.js.map","component---src-pages-contact-js.df9cace7fef27953b7d4.css","component---src-pages-contact-js-91ed79b64e3def388380.js","component---src-pages-contact-js-91ed79b64e3def388380.js.map"],"children":{},"childAssets":{}},"component---src-pages-index-js":{"chunks":[0,12,5],"assets":["0-37c681a432b9c485b485.js","0-37c681a432b9c485b485.js.map","12-68866dab7812c6a66411.js","12-68866dab7812c6a66411.js.map","component---src-pages-index-js.df9cace7fef27953b7d4.css","component---src-pages-index-js-ed85797da6ef0743490e.js","component---src-pages-index-js-ed85797da6ef0743490e.js.map"],"children":{},"childAssets":{}},"component---src-pages-labs-js":{"chunks":[0,6],"assets":["0-37c681a432b9c485b485.js","0-37c681a432b9c485b485.js.map","component---src-pages-labs-js.df9cace7fef27953b7d4.css","component---src-pages-labs-js-077a05313f21109ab931.js","component---src-pages-labs-js-077a05313f21109ab931.js.map"],"children":{},"childAssets":{}},"component---src-pages-portfolio-js":{"chunks":[0,7],"assets":["0-37c681a432b9c485b485.js","0-37c681a432b9c485b485.js.map","component---src-pages-portfolio-js.df9cace7fef27953b7d4.css","component---src-pages-portfolio-js-1f8d27852a03d150726d.js","component---src-pages-portfolio-js-1f8d27852a03d150726d.js.map"],"children":{},"childAssets":{}}},"assetsByChunkName":{"app":["webpack-runtime-b5435a207e7e66500ced.js","app-50a422f066ccfd74d795.js"],"component---src-templates-lab-js":["0-37c681a432b9c485b485.js","1.374453a1ffd52b737f4d.css","1-215e93c8025118b6c2cd.js","component---src-templates-lab-js.df9cace7fef27953b7d4.css","component---src-templates-lab-js-3cd08e76934954b986b9.js"],"component---src-templates-project-js":["0-37c681a432b9c485b485.js","1.374453a1ffd52b737f4d.css","1-215e93c8025118b6c2cd.js","component---src-templates-project-js.df9cace7fef27953b7d4.css","component---src-templates-project-js-5e5ef58a5afcd29e31b6.js"],"component---src-pages-404-js":["0-37c681a432b9c485b485.js","component---src-pages-404-js.df9cace7fef27953b7d4.css","component---src-pages-404-js-b56073dfd0ac9d0c2f48.js"],"component---src-pages-contact-js":["0-37c681a432b9c485b485.js","1.374453a1ffd52b737f4d.css","1-215e93c8025118b6c2cd.js","component---src-pages-contact-js.df9cace7fef27953b7d4.css","component---src-pages-contact-js-91ed79b64e3def388380.js"],"component---src-pages-index-js":["0-37c681a432b9c485b485.js","12-68866dab7812c6a66411.js","component---src-pages-index-js.df9cace7fef27953b7d4.css","component---src-pages-index-js-ed85797da6ef0743490e.js"],"component---src-pages-labs-js":["0-37c681a432b9c485b485.js","component---src-pages-labs-js.df9cace7fef27953b7d4.css","component---src-pages-labs-js-077a05313f21109ab931.js"],"component---src-pages-portfolio-js":["0-37c681a432b9c485b485.js","component---src-pages-portfolio-js.df9cace7fef27953b7d4.css","component---src-pages-portfolio-js-1f8d27852a03d150726d.js"]}}