{"errors":[],"warnings":[],"namedChunkGroups":{"app":{"chunks":[10,2],"assets":["webpack-runtime-47c4188d23eefce950e4.js","webpack-runtime-47c4188d23eefce950e4.js.map","app-43dc5f3c6bf7a6dc5bdd.js","app-43dc5f3c6bf7a6dc5bdd.js.map"],"children":{},"childAssets":{}},"component---src-templates-lab-js":{"chunks":[0,1,8],"assets":["0-584f4782395c9c9cff02.js","0-584f4782395c9c9cff02.js.map","1.374453a1ffd52b737f4d.css","1-b28d20f5fb12d238ba24.js","1-b28d20f5fb12d238ba24.js.map","component---src-templates-lab-js.3294dd1b2917bbc777a6.css","component---src-templates-lab-js-92b7ed16cf4d289e255c.js","component---src-templates-lab-js-92b7ed16cf4d289e255c.js.map"],"children":{},"childAssets":{}},"component---src-templates-project-js":{"chunks":[0,1,9],"assets":["0-584f4782395c9c9cff02.js","0-584f4782395c9c9cff02.js.map","1.374453a1ffd52b737f4d.css","1-b28d20f5fb12d238ba24.js","1-b28d20f5fb12d238ba24.js.map","component---src-templates-project-js.3294dd1b2917bbc777a6.css","component---src-templates-project-js-3f99ec84ac17fc1e499d.js","component---src-templates-project-js-3f99ec84ac17fc1e499d.js.map"],"children":{},"childAssets":{}},"component---src-pages-404-js":{"chunks":[0,3],"assets":["0-584f4782395c9c9cff02.js","0-584f4782395c9c9cff02.js.map","component---src-pages-404-js.3294dd1b2917bbc777a6.css","component---src-pages-404-js-ea886003a047808f1265.js","component---src-pages-404-js-ea886003a047808f1265.js.map"],"children":{},"childAssets":{}},"component---src-pages-contact-js":{"chunks":[0,1,11,4],"assets":["0-584f4782395c9c9cff02.js","0-584f4782395c9c9cff02.js.map","1.374453a1ffd52b737f4d.css","1-b28d20f5fb12d238ba24.js","1-b28d20f5fb12d238ba24.js.map","11-263e1978eefd6bd96c59.js","11-263e1978eefd6bd96c59.js.map","component---src-pages-contact-js.3294dd1b2917bbc777a6.css","component---src-pages-contact-js-78ef13c9688ed98e355f.js","component---src-pages-contact-js-78ef13c9688ed98e355f.js.map"],"children":{},"childAssets":{}},"component---src-pages-index-js":{"chunks":[0,13,5],"assets":["0-584f4782395c9c9cff02.js","0-584f4782395c9c9cff02.js.map","13-5e908280f61cdd2131e6.js","13-5e908280f61cdd2131e6.js.map","component---src-pages-index-js.3294dd1b2917bbc777a6.css","component---src-pages-index-js-52260aac30ba90c7ff53.js","component---src-pages-index-js-52260aac30ba90c7ff53.js.map"],"children":{},"childAssets":{}},"component---src-pages-labs-js":{"chunks":[0,6],"assets":["0-584f4782395c9c9cff02.js","0-584f4782395c9c9cff02.js.map","component---src-pages-labs-js.3294dd1b2917bbc777a6.css","component---src-pages-labs-js-e4d31ed7bf5b532d7cf7.js","component---src-pages-labs-js-e4d31ed7bf5b532d7cf7.js.map"],"children":{},"childAssets":{}},"component---src-pages-portfolio-js":{"chunks":[0,7],"assets":["0-584f4782395c9c9cff02.js","0-584f4782395c9c9cff02.js.map","component---src-pages-portfolio-js.3294dd1b2917bbc777a6.css","component---src-pages-portfolio-js-6b1a571f2ca2d75733f0.js","component---src-pages-portfolio-js-6b1a571f2ca2d75733f0.js.map"],"children":{},"childAssets":{}}},"assetsByChunkName":{"app":["webpack-runtime-47c4188d23eefce950e4.js","app-43dc5f3c6bf7a6dc5bdd.js"],"component---src-templates-lab-js":["0-584f4782395c9c9cff02.js","1.374453a1ffd52b737f4d.css","1-b28d20f5fb12d238ba24.js","component---src-templates-lab-js.3294dd1b2917bbc777a6.css","component---src-templates-lab-js-92b7ed16cf4d289e255c.js"],"component---src-templates-project-js":["0-584f4782395c9c9cff02.js","1.374453a1ffd52b737f4d.css","1-b28d20f5fb12d238ba24.js","component---src-templates-project-js.3294dd1b2917bbc777a6.css","component---src-templates-project-js-3f99ec84ac17fc1e499d.js"],"component---src-pages-404-js":["0-584f4782395c9c9cff02.js","component---src-pages-404-js.3294dd1b2917bbc777a6.css","component---src-pages-404-js-ea886003a047808f1265.js"],"component---src-pages-contact-js":["0-584f4782395c9c9cff02.js","1.374453a1ffd52b737f4d.css","1-b28d20f5fb12d238ba24.js","11-263e1978eefd6bd96c59.js","component---src-pages-contact-js.3294dd1b2917bbc777a6.css","component---src-pages-contact-js-78ef13c9688ed98e355f.js"],"component---src-pages-index-js":["0-584f4782395c9c9cff02.js","13-5e908280f61cdd2131e6.js","component---src-pages-index-js.3294dd1b2917bbc777a6.css","component---src-pages-index-js-52260aac30ba90c7ff53.js"],"component---src-pages-labs-js":["0-584f4782395c9c9cff02.js","component---src-pages-labs-js.3294dd1b2917bbc777a6.css","component---src-pages-labs-js-e4d31ed7bf5b532d7cf7.js"],"component---src-pages-portfolio-js":["0-584f4782395c9c9cff02.js","component---src-pages-portfolio-js.3294dd1b2917bbc777a6.css","component---src-pages-portfolio-js-6b1a571f2ca2d75733f0.js"]}}