{"errors":[],"warnings":[],"namedChunkGroups":{"app":{"chunks":[10,2],"assets":["webpack-runtime-3c6e6b4f98a68e4b57d4.js","webpack-runtime-3c6e6b4f98a68e4b57d4.js.map","app-50a422f066ccfd74d795.js","app-50a422f066ccfd74d795.js.map"],"children":{},"childAssets":{}},"component---src-templates-lab-js":{"chunks":[0,1,8],"assets":["0-37c681a432b9c485b485.js","0-37c681a432b9c485b485.js.map","1.374453a1ffd52b737f4d.css","1-215e93c8025118b6c2cd.js","1-215e93c8025118b6c2cd.js.map","component---src-templates-lab-js.3294dd1b2917bbc777a6.css","component---src-templates-lab-js-8ecea514051df56af3f6.js","component---src-templates-lab-js-8ecea514051df56af3f6.js.map"],"children":{},"childAssets":{}},"component---src-templates-project-js":{"chunks":[0,1,9],"assets":["0-37c681a432b9c485b485.js","0-37c681a432b9c485b485.js.map","1.374453a1ffd52b737f4d.css","1-215e93c8025118b6c2cd.js","1-215e93c8025118b6c2cd.js.map","component---src-templates-project-js.3294dd1b2917bbc777a6.css","component---src-templates-project-js-17896bff4fac7c1a210f.js","component---src-templates-project-js-17896bff4fac7c1a210f.js.map"],"children":{},"childAssets":{}},"component---src-pages-404-js":{"chunks":[0,3],"assets":["0-37c681a432b9c485b485.js","0-37c681a432b9c485b485.js.map","component---src-pages-404-js.3294dd1b2917bbc777a6.css","component---src-pages-404-js-0d110e69e76aca19ebe0.js","component---src-pages-404-js-0d110e69e76aca19ebe0.js.map"],"children":{},"childAssets":{}},"component---src-pages-contact-js":{"chunks":[0,1,4],"assets":["0-37c681a432b9c485b485.js","0-37c681a432b9c485b485.js.map","1.374453a1ffd52b737f4d.css","1-215e93c8025118b6c2cd.js","1-215e93c8025118b6c2cd.js.map","component---src-pages-contact-js.3294dd1b2917bbc777a6.css","component---src-pages-contact-js-506cfabdc0089f3c2ce6.js","component---src-pages-contact-js-506cfabdc0089f3c2ce6.js.map"],"children":{},"childAssets":{}},"component---src-pages-index-js":{"chunks":[0,12,5],"assets":["0-37c681a432b9c485b485.js","0-37c681a432b9c485b485.js.map","12-68866dab7812c6a66411.js","12-68866dab7812c6a66411.js.map","component---src-pages-index-js.3294dd1b2917bbc777a6.css","component---src-pages-index-js-b6d5683da7b8d7e997ce.js","component---src-pages-index-js-b6d5683da7b8d7e997ce.js.map"],"children":{},"childAssets":{}},"component---src-pages-labs-js":{"chunks":[0,6],"assets":["0-37c681a432b9c485b485.js","0-37c681a432b9c485b485.js.map","component---src-pages-labs-js.3294dd1b2917bbc777a6.css","component---src-pages-labs-js-c45cdd3d6a36c6858fb2.js","component---src-pages-labs-js-c45cdd3d6a36c6858fb2.js.map"],"children":{},"childAssets":{}},"component---src-pages-portfolio-js":{"chunks":[0,7],"assets":["0-37c681a432b9c485b485.js","0-37c681a432b9c485b485.js.map","component---src-pages-portfolio-js.3294dd1b2917bbc777a6.css","component---src-pages-portfolio-js-fd25ab1fd1b9748ddda9.js","component---src-pages-portfolio-js-fd25ab1fd1b9748ddda9.js.map"],"children":{},"childAssets":{}}},"assetsByChunkName":{"app":["webpack-runtime-3c6e6b4f98a68e4b57d4.js","app-50a422f066ccfd74d795.js"],"component---src-templates-lab-js":["0-37c681a432b9c485b485.js","1.374453a1ffd52b737f4d.css","1-215e93c8025118b6c2cd.js","component---src-templates-lab-js.3294dd1b2917bbc777a6.css","component---src-templates-lab-js-8ecea514051df56af3f6.js"],"component---src-templates-project-js":["0-37c681a432b9c485b485.js","1.374453a1ffd52b737f4d.css","1-215e93c8025118b6c2cd.js","component---src-templates-project-js.3294dd1b2917bbc777a6.css","component---src-templates-project-js-17896bff4fac7c1a210f.js"],"component---src-pages-404-js":["0-37c681a432b9c485b485.js","component---src-pages-404-js.3294dd1b2917bbc777a6.css","component---src-pages-404-js-0d110e69e76aca19ebe0.js"],"component---src-pages-contact-js":["0-37c681a432b9c485b485.js","1.374453a1ffd52b737f4d.css","1-215e93c8025118b6c2cd.js","component---src-pages-contact-js.3294dd1b2917bbc777a6.css","component---src-pages-contact-js-506cfabdc0089f3c2ce6.js"],"component---src-pages-index-js":["0-37c681a432b9c485b485.js","12-68866dab7812c6a66411.js","component---src-pages-index-js.3294dd1b2917bbc777a6.css","component---src-pages-index-js-b6d5683da7b8d7e997ce.js"],"component---src-pages-labs-js":["0-37c681a432b9c485b485.js","component---src-pages-labs-js.3294dd1b2917bbc777a6.css","component---src-pages-labs-js-c45cdd3d6a36c6858fb2.js"],"component---src-pages-portfolio-js":["0-37c681a432b9c485b485.js","component---src-pages-portfolio-js.3294dd1b2917bbc777a6.css","component---src-pages-portfolio-js-fd25ab1fd1b9748ddda9.js"]}}