{"errors":[],"warnings":[],"namedChunkGroups":{"app":{"chunks":[10,2],"assets":["webpack-runtime-274665122387825c9316.js","webpack-runtime-274665122387825c9316.js.map","app-50a422f066ccfd74d795.js","app-50a422f066ccfd74d795.js.map"],"children":{},"childAssets":{}},"component---src-templates-lab-js":{"chunks":[0,1,8],"assets":["0-37c681a432b9c485b485.js","0-37c681a432b9c485b485.js.map","1.374453a1ffd52b737f4d.css","1-215e93c8025118b6c2cd.js","1-215e93c8025118b6c2cd.js.map","component---src-templates-lab-js.df9cace7fef27953b7d4.css","component---src-templates-lab-js-ca76ccef548b6711d711.js","component---src-templates-lab-js-ca76ccef548b6711d711.js.map"],"children":{},"childAssets":{}},"component---src-templates-project-js":{"chunks":[0,1,9],"assets":["0-37c681a432b9c485b485.js","0-37c681a432b9c485b485.js.map","1.374453a1ffd52b737f4d.css","1-215e93c8025118b6c2cd.js","1-215e93c8025118b6c2cd.js.map","component---src-templates-project-js.df9cace7fef27953b7d4.css","component---src-templates-project-js-1423b2b4c5cdd7474ee7.js","component---src-templates-project-js-1423b2b4c5cdd7474ee7.js.map"],"children":{},"childAssets":{}},"component---src-pages-404-js":{"chunks":[0,3],"assets":["0-37c681a432b9c485b485.js","0-37c681a432b9c485b485.js.map","component---src-pages-404-js.df9cace7fef27953b7d4.css","component---src-pages-404-js-9ac384aad7a067ac3d00.js","component---src-pages-404-js-9ac384aad7a067ac3d00.js.map"],"children":{},"childAssets":{}},"component---src-pages-contact-js":{"chunks":[0,1,4],"assets":["0-37c681a432b9c485b485.js","0-37c681a432b9c485b485.js.map","1.374453a1ffd52b737f4d.css","1-215e93c8025118b6c2cd.js","1-215e93c8025118b6c2cd.js.map","component---src-pages-contact-js.df9cace7fef27953b7d4.css","component---src-pages-contact-js-9ebccc3874b45b435d2e.js","component---src-pages-contact-js-9ebccc3874b45b435d2e.js.map"],"children":{},"childAssets":{}},"component---src-pages-index-js":{"chunks":[0,12,5],"assets":["0-37c681a432b9c485b485.js","0-37c681a432b9c485b485.js.map","12-68866dab7812c6a66411.js","12-68866dab7812c6a66411.js.map","component---src-pages-index-js.df9cace7fef27953b7d4.css","component---src-pages-index-js-87543deae947648ea3b9.js","component---src-pages-index-js-87543deae947648ea3b9.js.map"],"children":{},"childAssets":{}},"component---src-pages-labs-js":{"chunks":[0,6],"assets":["0-37c681a432b9c485b485.js","0-37c681a432b9c485b485.js.map","component---src-pages-labs-js.df9cace7fef27953b7d4.css","component---src-pages-labs-js-2a83ee8063b284a01290.js","component---src-pages-labs-js-2a83ee8063b284a01290.js.map"],"children":{},"childAssets":{}},"component---src-pages-portfolio-js":{"chunks":[0,7],"assets":["0-37c681a432b9c485b485.js","0-37c681a432b9c485b485.js.map","component---src-pages-portfolio-js.df9cace7fef27953b7d4.css","component---src-pages-portfolio-js-5c989d900e6831c13ec3.js","component---src-pages-portfolio-js-5c989d900e6831c13ec3.js.map"],"children":{},"childAssets":{}}},"assetsByChunkName":{"app":["webpack-runtime-274665122387825c9316.js","app-50a422f066ccfd74d795.js"],"component---src-templates-lab-js":["0-37c681a432b9c485b485.js","1.374453a1ffd52b737f4d.css","1-215e93c8025118b6c2cd.js","component---src-templates-lab-js.df9cace7fef27953b7d4.css","component---src-templates-lab-js-ca76ccef548b6711d711.js"],"component---src-templates-project-js":["0-37c681a432b9c485b485.js","1.374453a1ffd52b737f4d.css","1-215e93c8025118b6c2cd.js","component---src-templates-project-js.df9cace7fef27953b7d4.css","component---src-templates-project-js-1423b2b4c5cdd7474ee7.js"],"component---src-pages-404-js":["0-37c681a432b9c485b485.js","component---src-pages-404-js.df9cace7fef27953b7d4.css","component---src-pages-404-js-9ac384aad7a067ac3d00.js"],"component---src-pages-contact-js":["0-37c681a432b9c485b485.js","1.374453a1ffd52b737f4d.css","1-215e93c8025118b6c2cd.js","component---src-pages-contact-js.df9cace7fef27953b7d4.css","component---src-pages-contact-js-9ebccc3874b45b435d2e.js"],"component---src-pages-index-js":["0-37c681a432b9c485b485.js","12-68866dab7812c6a66411.js","component---src-pages-index-js.df9cace7fef27953b7d4.css","component---src-pages-index-js-87543deae947648ea3b9.js"],"component---src-pages-labs-js":["0-37c681a432b9c485b485.js","component---src-pages-labs-js.df9cace7fef27953b7d4.css","component---src-pages-labs-js-2a83ee8063b284a01290.js"],"component---src-pages-portfolio-js":["0-37c681a432b9c485b485.js","component---src-pages-portfolio-js.df9cace7fef27953b7d4.css","component---src-pages-portfolio-js-5c989d900e6831c13ec3.js"]}}