{"errors":[],"warnings":[],"namedChunkGroups":{"app":{"chunks":[11,3],"assets":["webpack-runtime-1c12b8a54b0e14b383fd.js","webpack-runtime-1c12b8a54b0e14b383fd.js.map","app-f52c3c6fafb1fe9d0a6a.js","app-f52c3c6fafb1fe9d0a6a.js.map"],"children":{},"childAssets":{}},"component---src-templates-project-js":{"chunks":[0,1,10],"assets":["0-d5c571906c912f651781.js","0-d5c571906c912f651781.js.map","1.374453a1ffd52b737f4d.css","1-271e8fe10a8c0da931d7.js","1-271e8fe10a8c0da931d7.js.map","component---src-templates-project-js.3294dd1b2917bbc777a6.css","component---src-templates-project-js-1bbde40b0975cec2a4a3.js","component---src-templates-project-js-1bbde40b0975cec2a4a3.js.map"],"children":{},"childAssets":{}},"component---src-templates-lab-js":{"chunks":[0,1,9],"assets":["0-d5c571906c912f651781.js","0-d5c571906c912f651781.js.map","1.374453a1ffd52b737f4d.css","1-271e8fe10a8c0da931d7.js","1-271e8fe10a8c0da931d7.js.map","component---src-templates-lab-js.3294dd1b2917bbc777a6.css","component---src-templates-lab-js-20134df800c223f62f56.js","component---src-templates-lab-js-20134df800c223f62f56.js.map"],"children":{},"childAssets":{}},"component---src-pages-404-js":{"chunks":[0,4],"assets":["0-d5c571906c912f651781.js","0-d5c571906c912f651781.js.map","component---src-pages-404-js.3294dd1b2917bbc777a6.css","component---src-pages-404-js-5f5b2c2c7b33659fd853.js","component---src-pages-404-js-5f5b2c2c7b33659fd853.js.map"],"children":{},"childAssets":{}},"component---src-pages-contact-js":{"chunks":[0,1,2,12,5],"assets":["0-d5c571906c912f651781.js","0-d5c571906c912f651781.js.map","1.374453a1ffd52b737f4d.css","1-271e8fe10a8c0da931d7.js","1-271e8fe10a8c0da931d7.js.map","2-3a342ce1897b009fe9a4.js","2-3a342ce1897b009fe9a4.js.map","12-bc3740accc83b839c464.js","12-bc3740accc83b839c464.js.map","component---src-pages-contact-js.3294dd1b2917bbc777a6.css","component---src-pages-contact-js-502f5445887a51cb4126.js","component---src-pages-contact-js-502f5445887a51cb4126.js.map"],"children":{},"childAssets":{}},"component---src-pages-index-js":{"chunks":[0,2,6],"assets":["0-d5c571906c912f651781.js","0-d5c571906c912f651781.js.map","2-3a342ce1897b009fe9a4.js","2-3a342ce1897b009fe9a4.js.map","component---src-pages-index-js.3294dd1b2917bbc777a6.css","component---src-pages-index-js-79ae52c347b31b956f50.js","component---src-pages-index-js-79ae52c347b31b956f50.js.map"],"children":{},"childAssets":{}},"component---src-pages-labs-js":{"chunks":[0,7],"assets":["0-d5c571906c912f651781.js","0-d5c571906c912f651781.js.map","component---src-pages-labs-js.3294dd1b2917bbc777a6.css","component---src-pages-labs-js-59406eeed5c0f91bfb2b.js","component---src-pages-labs-js-59406eeed5c0f91bfb2b.js.map"],"children":{},"childAssets":{}},"component---src-pages-portfolio-js":{"chunks":[0,8],"assets":["0-d5c571906c912f651781.js","0-d5c571906c912f651781.js.map","component---src-pages-portfolio-js.3294dd1b2917bbc777a6.css","component---src-pages-portfolio-js-03be51249b71f0e6cd92.js","component---src-pages-portfolio-js-03be51249b71f0e6cd92.js.map"],"children":{},"childAssets":{}}},"assetsByChunkName":{"app":["webpack-runtime-1c12b8a54b0e14b383fd.js","app-f52c3c6fafb1fe9d0a6a.js"],"component---src-templates-project-js":["0-d5c571906c912f651781.js","1.374453a1ffd52b737f4d.css","1-271e8fe10a8c0da931d7.js","component---src-templates-project-js.3294dd1b2917bbc777a6.css","component---src-templates-project-js-1bbde40b0975cec2a4a3.js"],"component---src-templates-lab-js":["0-d5c571906c912f651781.js","1.374453a1ffd52b737f4d.css","1-271e8fe10a8c0da931d7.js","component---src-templates-lab-js.3294dd1b2917bbc777a6.css","component---src-templates-lab-js-20134df800c223f62f56.js"],"component---src-pages-404-js":["0-d5c571906c912f651781.js","component---src-pages-404-js.3294dd1b2917bbc777a6.css","component---src-pages-404-js-5f5b2c2c7b33659fd853.js"],"component---src-pages-contact-js":["0-d5c571906c912f651781.js","1.374453a1ffd52b737f4d.css","1-271e8fe10a8c0da931d7.js","2-3a342ce1897b009fe9a4.js","12-bc3740accc83b839c464.js","component---src-pages-contact-js.3294dd1b2917bbc777a6.css","component---src-pages-contact-js-502f5445887a51cb4126.js"],"component---src-pages-index-js":["0-d5c571906c912f651781.js","2-3a342ce1897b009fe9a4.js","component---src-pages-index-js.3294dd1b2917bbc777a6.css","component---src-pages-index-js-79ae52c347b31b956f50.js"],"component---src-pages-labs-js":["0-d5c571906c912f651781.js","component---src-pages-labs-js.3294dd1b2917bbc777a6.css","component---src-pages-labs-js-59406eeed5c0f91bfb2b.js"],"component---src-pages-portfolio-js":["0-d5c571906c912f651781.js","component---src-pages-portfolio-js.3294dd1b2917bbc777a6.css","component---src-pages-portfolio-js-03be51249b71f0e6cd92.js"]}}