{"errors":[],"warnings":[],"namedChunkGroups":{"app":{"chunks":[10,2],"assets":["webpack-runtime-bd6803849f89036a8beb.js","webpack-runtime-bd6803849f89036a8beb.js.map","app-4a40a0316cb75877e186.js","app-4a40a0316cb75877e186.js.map"],"children":{},"childAssets":{}},"component---src-templates-lab-js":{"chunks":[0,1,8],"assets":["0-ea288487e436818d4b8c.js","0-ea288487e436818d4b8c.js.map","1.374453a1ffd52b737f4d.css","1-271e8fe10a8c0da931d7.js","1-271e8fe10a8c0da931d7.js.map","component---src-templates-lab-js.3294dd1b2917bbc777a6.css","component---src-templates-lab-js-e590bc8b727656f6dfd5.js","component---src-templates-lab-js-e590bc8b727656f6dfd5.js.map"],"children":{},"childAssets":{}},"component---src-templates-project-js":{"chunks":[0,1,9],"assets":["0-ea288487e436818d4b8c.js","0-ea288487e436818d4b8c.js.map","1.374453a1ffd52b737f4d.css","1-271e8fe10a8c0da931d7.js","1-271e8fe10a8c0da931d7.js.map","component---src-templates-project-js.3294dd1b2917bbc777a6.css","component---src-templates-project-js-da2fdae42b09f7b455ea.js","component---src-templates-project-js-da2fdae42b09f7b455ea.js.map"],"children":{},"childAssets":{}},"component---src-pages-404-js":{"chunks":[0,3],"assets":["0-ea288487e436818d4b8c.js","0-ea288487e436818d4b8c.js.map","component---src-pages-404-js.3294dd1b2917bbc777a6.css","component---src-pages-404-js-1461d24834529e553f6a.js","component---src-pages-404-js-1461d24834529e553f6a.js.map"],"children":{},"childAssets":{}},"component---src-pages-contact-js":{"chunks":[0,1,11,4],"assets":["0-ea288487e436818d4b8c.js","0-ea288487e436818d4b8c.js.map","1.374453a1ffd52b737f4d.css","1-271e8fe10a8c0da931d7.js","1-271e8fe10a8c0da931d7.js.map","11-96a2c4d195ac036a1cfc.js","11-96a2c4d195ac036a1cfc.js.map","component---src-pages-contact-js.3294dd1b2917bbc777a6.css","component---src-pages-contact-js-569a7e13313f350b63d1.js","component---src-pages-contact-js-569a7e13313f350b63d1.js.map"],"children":{},"childAssets":{}},"component---src-pages-index-js":{"chunks":[0,12,5],"assets":["0-ea288487e436818d4b8c.js","0-ea288487e436818d4b8c.js.map","12-0cfb52bceb207d8a145c.js","12-0cfb52bceb207d8a145c.js.map","component---src-pages-index-js.3294dd1b2917bbc777a6.css","component---src-pages-index-js-8ca2342858128c925bf9.js","component---src-pages-index-js-8ca2342858128c925bf9.js.map"],"children":{},"childAssets":{}},"component---src-pages-labs-js":{"chunks":[0,6],"assets":["0-ea288487e436818d4b8c.js","0-ea288487e436818d4b8c.js.map","component---src-pages-labs-js.3294dd1b2917bbc777a6.css","component---src-pages-labs-js-86367d850d14b0003180.js","component---src-pages-labs-js-86367d850d14b0003180.js.map"],"children":{},"childAssets":{}},"component---src-pages-portfolio-js":{"chunks":[0,7],"assets":["0-ea288487e436818d4b8c.js","0-ea288487e436818d4b8c.js.map","component---src-pages-portfolio-js.3294dd1b2917bbc777a6.css","component---src-pages-portfolio-js-27e3e0007f11340e8398.js","component---src-pages-portfolio-js-27e3e0007f11340e8398.js.map"],"children":{},"childAssets":{}}},"assetsByChunkName":{"app":["webpack-runtime-bd6803849f89036a8beb.js","app-4a40a0316cb75877e186.js"],"component---src-templates-lab-js":["0-ea288487e436818d4b8c.js","1.374453a1ffd52b737f4d.css","1-271e8fe10a8c0da931d7.js","component---src-templates-lab-js.3294dd1b2917bbc777a6.css","component---src-templates-lab-js-e590bc8b727656f6dfd5.js"],"component---src-templates-project-js":["0-ea288487e436818d4b8c.js","1.374453a1ffd52b737f4d.css","1-271e8fe10a8c0da931d7.js","component---src-templates-project-js.3294dd1b2917bbc777a6.css","component---src-templates-project-js-da2fdae42b09f7b455ea.js"],"component---src-pages-404-js":["0-ea288487e436818d4b8c.js","component---src-pages-404-js.3294dd1b2917bbc777a6.css","component---src-pages-404-js-1461d24834529e553f6a.js"],"component---src-pages-contact-js":["0-ea288487e436818d4b8c.js","1.374453a1ffd52b737f4d.css","1-271e8fe10a8c0da931d7.js","11-96a2c4d195ac036a1cfc.js","component---src-pages-contact-js.3294dd1b2917bbc777a6.css","component---src-pages-contact-js-569a7e13313f350b63d1.js"],"component---src-pages-index-js":["0-ea288487e436818d4b8c.js","12-0cfb52bceb207d8a145c.js","component---src-pages-index-js.3294dd1b2917bbc777a6.css","component---src-pages-index-js-8ca2342858128c925bf9.js"],"component---src-pages-labs-js":["0-ea288487e436818d4b8c.js","component---src-pages-labs-js.3294dd1b2917bbc777a6.css","component---src-pages-labs-js-86367d850d14b0003180.js"],"component---src-pages-portfolio-js":["0-ea288487e436818d4b8c.js","component---src-pages-portfolio-js.3294dd1b2917bbc777a6.css","component---src-pages-portfolio-js-27e3e0007f11340e8398.js"]}}