{"errors":[],"warnings":[],"namedChunkGroups":{"app":{"chunks":[10,2],"assets":["webpack-runtime-4492b44738d6ed35fa09.js","webpack-runtime-4492b44738d6ed35fa09.js.map","app-4a40a0316cb75877e186.js","app-4a40a0316cb75877e186.js.map"],"children":{},"childAssets":{}},"component---src-templates-lab-js":{"chunks":[0,1,8],"assets":["0-16c28f30894287e3cbb5.js","0-16c28f30894287e3cbb5.js.map","1.374453a1ffd52b737f4d.css","1-271e8fe10a8c0da931d7.js","1-271e8fe10a8c0da931d7.js.map","component---src-templates-lab-js.3294dd1b2917bbc777a6.css","component---src-templates-lab-js-92ba171448f53732e851.js","component---src-templates-lab-js-92ba171448f53732e851.js.map"],"children":{},"childAssets":{}},"component---src-templates-project-js":{"chunks":[0,1,9],"assets":["0-16c28f30894287e3cbb5.js","0-16c28f30894287e3cbb5.js.map","1.374453a1ffd52b737f4d.css","1-271e8fe10a8c0da931d7.js","1-271e8fe10a8c0da931d7.js.map","component---src-templates-project-js.3294dd1b2917bbc777a6.css","component---src-templates-project-js-7bdf8bad9363dfcf7941.js","component---src-templates-project-js-7bdf8bad9363dfcf7941.js.map"],"children":{},"childAssets":{}},"component---src-pages-404-js":{"chunks":[0,3],"assets":["0-16c28f30894287e3cbb5.js","0-16c28f30894287e3cbb5.js.map","component---src-pages-404-js.3294dd1b2917bbc777a6.css","component---src-pages-404-js-91fc6d85e7932f972fb4.js","component---src-pages-404-js-91fc6d85e7932f972fb4.js.map"],"children":{},"childAssets":{}},"component---src-pages-contact-js":{"chunks":[0,1,11,4],"assets":["0-16c28f30894287e3cbb5.js","0-16c28f30894287e3cbb5.js.map","1.374453a1ffd52b737f4d.css","1-271e8fe10a8c0da931d7.js","1-271e8fe10a8c0da931d7.js.map","11-76f09fa2ecfd73316919.js","11-76f09fa2ecfd73316919.js.map","component---src-pages-contact-js.3294dd1b2917bbc777a6.css","component---src-pages-contact-js-11ed27bde9a7df1971c7.js","component---src-pages-contact-js-11ed27bde9a7df1971c7.js.map"],"children":{},"childAssets":{}},"component---src-pages-index-js":{"chunks":[0,12,5],"assets":["0-16c28f30894287e3cbb5.js","0-16c28f30894287e3cbb5.js.map","12-c4d39e74230a40bb6743.js","12-c4d39e74230a40bb6743.js.map","component---src-pages-index-js.3294dd1b2917bbc777a6.css","component---src-pages-index-js-2b5fda7f9a9fcc9963d2.js","component---src-pages-index-js-2b5fda7f9a9fcc9963d2.js.map"],"children":{},"childAssets":{}},"component---src-pages-labs-js":{"chunks":[0,6],"assets":["0-16c28f30894287e3cbb5.js","0-16c28f30894287e3cbb5.js.map","component---src-pages-labs-js.3294dd1b2917bbc777a6.css","component---src-pages-labs-js-29ead994f9d8628ae8ba.js","component---src-pages-labs-js-29ead994f9d8628ae8ba.js.map"],"children":{},"childAssets":{}},"component---src-pages-portfolio-js":{"chunks":[0,7],"assets":["0-16c28f30894287e3cbb5.js","0-16c28f30894287e3cbb5.js.map","component---src-pages-portfolio-js.3294dd1b2917bbc777a6.css","component---src-pages-portfolio-js-7f37da861b6cd692f119.js","component---src-pages-portfolio-js-7f37da861b6cd692f119.js.map"],"children":{},"childAssets":{}}},"assetsByChunkName":{"app":["webpack-runtime-4492b44738d6ed35fa09.js","app-4a40a0316cb75877e186.js"],"component---src-templates-lab-js":["0-16c28f30894287e3cbb5.js","1.374453a1ffd52b737f4d.css","1-271e8fe10a8c0da931d7.js","component---src-templates-lab-js.3294dd1b2917bbc777a6.css","component---src-templates-lab-js-92ba171448f53732e851.js"],"component---src-templates-project-js":["0-16c28f30894287e3cbb5.js","1.374453a1ffd52b737f4d.css","1-271e8fe10a8c0da931d7.js","component---src-templates-project-js.3294dd1b2917bbc777a6.css","component---src-templates-project-js-7bdf8bad9363dfcf7941.js"],"component---src-pages-404-js":["0-16c28f30894287e3cbb5.js","component---src-pages-404-js.3294dd1b2917bbc777a6.css","component---src-pages-404-js-91fc6d85e7932f972fb4.js"],"component---src-pages-contact-js":["0-16c28f30894287e3cbb5.js","1.374453a1ffd52b737f4d.css","1-271e8fe10a8c0da931d7.js","11-76f09fa2ecfd73316919.js","component---src-pages-contact-js.3294dd1b2917bbc777a6.css","component---src-pages-contact-js-11ed27bde9a7df1971c7.js"],"component---src-pages-index-js":["0-16c28f30894287e3cbb5.js","12-c4d39e74230a40bb6743.js","component---src-pages-index-js.3294dd1b2917bbc777a6.css","component---src-pages-index-js-2b5fda7f9a9fcc9963d2.js"],"component---src-pages-labs-js":["0-16c28f30894287e3cbb5.js","component---src-pages-labs-js.3294dd1b2917bbc777a6.css","component---src-pages-labs-js-29ead994f9d8628ae8ba.js"],"component---src-pages-portfolio-js":["0-16c28f30894287e3cbb5.js","component---src-pages-portfolio-js.3294dd1b2917bbc777a6.css","component---src-pages-portfolio-js-7f37da861b6cd692f119.js"]}}