{"errors":[],"warnings":[],"namedChunkGroups":{"app":{"chunks":[10,2],"assets":["webpack-runtime-dc44c744f1ec3a5f0469.js","webpack-runtime-dc44c744f1ec3a5f0469.js.map","app-50a422f066ccfd74d795.js","app-50a422f066ccfd74d795.js.map"],"children":{},"childAssets":{}},"component---src-templates-lab-js":{"chunks":[0,1,8],"assets":["0-37c681a432b9c485b485.js","0-37c681a432b9c485b485.js.map","1.374453a1ffd52b737f4d.css","1-215e93c8025118b6c2cd.js","1-215e93c8025118b6c2cd.js.map","component---src-templates-lab-js.3294dd1b2917bbc777a6.css","component---src-templates-lab-js-99e896d5fe8e3e4114c7.js","component---src-templates-lab-js-99e896d5fe8e3e4114c7.js.map"],"children":{},"childAssets":{}},"component---src-templates-project-js":{"chunks":[0,1,9],"assets":["0-37c681a432b9c485b485.js","0-37c681a432b9c485b485.js.map","1.374453a1ffd52b737f4d.css","1-215e93c8025118b6c2cd.js","1-215e93c8025118b6c2cd.js.map","component---src-templates-project-js.3294dd1b2917bbc777a6.css","component---src-templates-project-js-fdae254d389aad4b3490.js","component---src-templates-project-js-fdae254d389aad4b3490.js.map"],"children":{},"childAssets":{}},"component---src-pages-404-js":{"chunks":[0,3],"assets":["0-37c681a432b9c485b485.js","0-37c681a432b9c485b485.js.map","component---src-pages-404-js.3294dd1b2917bbc777a6.css","component---src-pages-404-js-9b327667f6efb4ea5747.js","component---src-pages-404-js-9b327667f6efb4ea5747.js.map"],"children":{},"childAssets":{}},"component---src-pages-contact-js":{"chunks":[0,1,4],"assets":["0-37c681a432b9c485b485.js","0-37c681a432b9c485b485.js.map","1.374453a1ffd52b737f4d.css","1-215e93c8025118b6c2cd.js","1-215e93c8025118b6c2cd.js.map","component---src-pages-contact-js.3294dd1b2917bbc777a6.css","component---src-pages-contact-js-e1daa306fa2368d8775c.js","component---src-pages-contact-js-e1daa306fa2368d8775c.js.map"],"children":{},"childAssets":{}},"component---src-pages-index-js":{"chunks":[0,12,5],"assets":["0-37c681a432b9c485b485.js","0-37c681a432b9c485b485.js.map","12-68866dab7812c6a66411.js","12-68866dab7812c6a66411.js.map","component---src-pages-index-js.3294dd1b2917bbc777a6.css","component---src-pages-index-js-51612d2f5009d58b5cb2.js","component---src-pages-index-js-51612d2f5009d58b5cb2.js.map"],"children":{},"childAssets":{}},"component---src-pages-labs-js":{"chunks":[0,6],"assets":["0-37c681a432b9c485b485.js","0-37c681a432b9c485b485.js.map","component---src-pages-labs-js.3294dd1b2917bbc777a6.css","component---src-pages-labs-js-dad5f44ae33cd5ec8336.js","component---src-pages-labs-js-dad5f44ae33cd5ec8336.js.map"],"children":{},"childAssets":{}},"component---src-pages-portfolio-js":{"chunks":[0,7],"assets":["0-37c681a432b9c485b485.js","0-37c681a432b9c485b485.js.map","component---src-pages-portfolio-js.3294dd1b2917bbc777a6.css","component---src-pages-portfolio-js-d86a81c2763390f7c814.js","component---src-pages-portfolio-js-d86a81c2763390f7c814.js.map"],"children":{},"childAssets":{}}},"assetsByChunkName":{"app":["webpack-runtime-dc44c744f1ec3a5f0469.js","app-50a422f066ccfd74d795.js"],"component---src-templates-lab-js":["0-37c681a432b9c485b485.js","1.374453a1ffd52b737f4d.css","1-215e93c8025118b6c2cd.js","component---src-templates-lab-js.3294dd1b2917bbc777a6.css","component---src-templates-lab-js-99e896d5fe8e3e4114c7.js"],"component---src-templates-project-js":["0-37c681a432b9c485b485.js","1.374453a1ffd52b737f4d.css","1-215e93c8025118b6c2cd.js","component---src-templates-project-js.3294dd1b2917bbc777a6.css","component---src-templates-project-js-fdae254d389aad4b3490.js"],"component---src-pages-404-js":["0-37c681a432b9c485b485.js","component---src-pages-404-js.3294dd1b2917bbc777a6.css","component---src-pages-404-js-9b327667f6efb4ea5747.js"],"component---src-pages-contact-js":["0-37c681a432b9c485b485.js","1.374453a1ffd52b737f4d.css","1-215e93c8025118b6c2cd.js","component---src-pages-contact-js.3294dd1b2917bbc777a6.css","component---src-pages-contact-js-e1daa306fa2368d8775c.js"],"component---src-pages-index-js":["0-37c681a432b9c485b485.js","12-68866dab7812c6a66411.js","component---src-pages-index-js.3294dd1b2917bbc777a6.css","component---src-pages-index-js-51612d2f5009d58b5cb2.js"],"component---src-pages-labs-js":["0-37c681a432b9c485b485.js","component---src-pages-labs-js.3294dd1b2917bbc777a6.css","component---src-pages-labs-js-dad5f44ae33cd5ec8336.js"],"component---src-pages-portfolio-js":["0-37c681a432b9c485b485.js","component---src-pages-portfolio-js.3294dd1b2917bbc777a6.css","component---src-pages-portfolio-js-d86a81c2763390f7c814.js"]}}