{"errors":[],"warnings":[],"namedChunkGroups":{"app":{"chunks":[10,2],"assets":["webpack-runtime-6efe0ec20222c96685f6.js","webpack-runtime-6efe0ec20222c96685f6.js.map","app-4a40a0316cb75877e186.js","app-4a40a0316cb75877e186.js.map"],"children":{},"childAssets":{}},"component---src-templates-lab-js":{"chunks":[0,1,8],"assets":["0-d5c571906c912f651781.js","0-d5c571906c912f651781.js.map","1.374453a1ffd52b737f4d.css","1-271e8fe10a8c0da931d7.js","1-271e8fe10a8c0da931d7.js.map","component---src-templates-lab-js.3294dd1b2917bbc777a6.css","component---src-templates-lab-js-818e57d6608573ed9f6c.js","component---src-templates-lab-js-818e57d6608573ed9f6c.js.map"],"children":{},"childAssets":{}},"component---src-templates-project-js":{"chunks":[0,1,9],"assets":["0-d5c571906c912f651781.js","0-d5c571906c912f651781.js.map","1.374453a1ffd52b737f4d.css","1-271e8fe10a8c0da931d7.js","1-271e8fe10a8c0da931d7.js.map","component---src-templates-project-js.3294dd1b2917bbc777a6.css","component---src-templates-project-js-b4e0715a092c8870568e.js","component---src-templates-project-js-b4e0715a092c8870568e.js.map"],"children":{},"childAssets":{}},"component---src-pages-404-js":{"chunks":[0,3],"assets":["0-d5c571906c912f651781.js","0-d5c571906c912f651781.js.map","component---src-pages-404-js.3294dd1b2917bbc777a6.css","component---src-pages-404-js-90795abb7a00fe70c3cf.js","component---src-pages-404-js-90795abb7a00fe70c3cf.js.map"],"children":{},"childAssets":{}},"component---src-pages-contact-js":{"chunks":[0,1,11,4],"assets":["0-d5c571906c912f651781.js","0-d5c571906c912f651781.js.map","1.374453a1ffd52b737f4d.css","1-271e8fe10a8c0da931d7.js","1-271e8fe10a8c0da931d7.js.map","11-143ccac6515a29d54a90.js","11-143ccac6515a29d54a90.js.map","component---src-pages-contact-js.3294dd1b2917bbc777a6.css","component---src-pages-contact-js-609818e0ca76122ca862.js","component---src-pages-contact-js-609818e0ca76122ca862.js.map"],"children":{},"childAssets":{}},"component---src-pages-index-js":{"chunks":[0,12,5],"assets":["0-d5c571906c912f651781.js","0-d5c571906c912f651781.js.map","12-c054600c6906219ee760.js","12-c054600c6906219ee760.js.map","component---src-pages-index-js.3294dd1b2917bbc777a6.css","component---src-pages-index-js-d02199ee9ff6d1de39ab.js","component---src-pages-index-js-d02199ee9ff6d1de39ab.js.map"],"children":{},"childAssets":{}},"component---src-pages-labs-js":{"chunks":[0,6],"assets":["0-d5c571906c912f651781.js","0-d5c571906c912f651781.js.map","component---src-pages-labs-js.3294dd1b2917bbc777a6.css","component---src-pages-labs-js-b7db9e70dd281980a3cc.js","component---src-pages-labs-js-b7db9e70dd281980a3cc.js.map"],"children":{},"childAssets":{}},"component---src-pages-portfolio-js":{"chunks":[0,7],"assets":["0-d5c571906c912f651781.js","0-d5c571906c912f651781.js.map","component---src-pages-portfolio-js.3294dd1b2917bbc777a6.css","component---src-pages-portfolio-js-b937c19b0a886ea1b9b6.js","component---src-pages-portfolio-js-b937c19b0a886ea1b9b6.js.map"],"children":{},"childAssets":{}}},"assetsByChunkName":{"app":["webpack-runtime-6efe0ec20222c96685f6.js","app-4a40a0316cb75877e186.js"],"component---src-templates-lab-js":["0-d5c571906c912f651781.js","1.374453a1ffd52b737f4d.css","1-271e8fe10a8c0da931d7.js","component---src-templates-lab-js.3294dd1b2917bbc777a6.css","component---src-templates-lab-js-818e57d6608573ed9f6c.js"],"component---src-templates-project-js":["0-d5c571906c912f651781.js","1.374453a1ffd52b737f4d.css","1-271e8fe10a8c0da931d7.js","component---src-templates-project-js.3294dd1b2917bbc777a6.css","component---src-templates-project-js-b4e0715a092c8870568e.js"],"component---src-pages-404-js":["0-d5c571906c912f651781.js","component---src-pages-404-js.3294dd1b2917bbc777a6.css","component---src-pages-404-js-90795abb7a00fe70c3cf.js"],"component---src-pages-contact-js":["0-d5c571906c912f651781.js","1.374453a1ffd52b737f4d.css","1-271e8fe10a8c0da931d7.js","11-143ccac6515a29d54a90.js","component---src-pages-contact-js.3294dd1b2917bbc777a6.css","component---src-pages-contact-js-609818e0ca76122ca862.js"],"component---src-pages-index-js":["0-d5c571906c912f651781.js","12-c054600c6906219ee760.js","component---src-pages-index-js.3294dd1b2917bbc777a6.css","component---src-pages-index-js-d02199ee9ff6d1de39ab.js"],"component---src-pages-labs-js":["0-d5c571906c912f651781.js","component---src-pages-labs-js.3294dd1b2917bbc777a6.css","component---src-pages-labs-js-b7db9e70dd281980a3cc.js"],"component---src-pages-portfolio-js":["0-d5c571906c912f651781.js","component---src-pages-portfolio-js.3294dd1b2917bbc777a6.css","component---src-pages-portfolio-js-b937c19b0a886ea1b9b6.js"]}}