{"errors":[],"warnings":[],"namedChunkGroups":{"app":{"chunks":[10,2],"assets":["webpack-runtime-fdbd7865d37c459dd8e8.js","webpack-runtime-fdbd7865d37c459dd8e8.js.map","app-53d447250b7b098c0312.js","app-53d447250b7b098c0312.js.map"],"children":{},"childAssets":{}},"component---src-templates-project-js":{"chunks":[0,1,9],"assets":["0-ae663e4d88c6f85eaf54.js","0-ae663e4d88c6f85eaf54.js.map","1.374453a1ffd52b737f4d.css","1-542fe559f53d46c39800.js","1-542fe559f53d46c39800.js.map","component---src-templates-project-js.3294dd1b2917bbc777a6.css","component---src-templates-project-js-df37f4fcac58e59b21c2.js","component---src-templates-project-js-df37f4fcac58e59b21c2.js.map"],"children":{},"childAssets":{}},"component---src-templates-lab-js":{"chunks":[0,1,8],"assets":["0-ae663e4d88c6f85eaf54.js","0-ae663e4d88c6f85eaf54.js.map","1.374453a1ffd52b737f4d.css","1-542fe559f53d46c39800.js","1-542fe559f53d46c39800.js.map","component---src-templates-lab-js.3294dd1b2917bbc777a6.css","component---src-templates-lab-js-99093c6af5aaf60d53b1.js","component---src-templates-lab-js-99093c6af5aaf60d53b1.js.map"],"children":{},"childAssets":{}},"component---src-pages-404-js":{"chunks":[0,3],"assets":["0-ae663e4d88c6f85eaf54.js","0-ae663e4d88c6f85eaf54.js.map","component---src-pages-404-js.3294dd1b2917bbc777a6.css","component---src-pages-404-js-b1f6311f0d27822ac90e.js","component---src-pages-404-js-b1f6311f0d27822ac90e.js.map"],"children":{},"childAssets":{}},"component---src-pages-contact-js":{"chunks":[0,1,11,4],"assets":["0-ae663e4d88c6f85eaf54.js","0-ae663e4d88c6f85eaf54.js.map","1.374453a1ffd52b737f4d.css","1-542fe559f53d46c39800.js","1-542fe559f53d46c39800.js.map","11-143ccac6515a29d54a90.js","11-143ccac6515a29d54a90.js.map","component---src-pages-contact-js.3294dd1b2917bbc777a6.css","component---src-pages-contact-js-b77c6ce7c85eef0a861c.js","component---src-pages-contact-js-b77c6ce7c85eef0a861c.js.map"],"children":{},"childAssets":{}},"component---src-pages-index-js":{"chunks":[0,12,5],"assets":["0-ae663e4d88c6f85eaf54.js","0-ae663e4d88c6f85eaf54.js.map","12-c054600c6906219ee760.js","12-c054600c6906219ee760.js.map","component---src-pages-index-js.3294dd1b2917bbc777a6.css","component---src-pages-index-js-7d20b808c770f72d823d.js","component---src-pages-index-js-7d20b808c770f72d823d.js.map"],"children":{},"childAssets":{}},"component---src-pages-labs-js":{"chunks":[0,6],"assets":["0-ae663e4d88c6f85eaf54.js","0-ae663e4d88c6f85eaf54.js.map","component---src-pages-labs-js.3294dd1b2917bbc777a6.css","component---src-pages-labs-js-7f3befd3e6183425fa88.js","component---src-pages-labs-js-7f3befd3e6183425fa88.js.map"],"children":{},"childAssets":{}},"component---src-pages-portfolio-js":{"chunks":[0,7],"assets":["0-ae663e4d88c6f85eaf54.js","0-ae663e4d88c6f85eaf54.js.map","component---src-pages-portfolio-js.3294dd1b2917bbc777a6.css","component---src-pages-portfolio-js-07af1afb7f8e24102559.js","component---src-pages-portfolio-js-07af1afb7f8e24102559.js.map"],"children":{},"childAssets":{}}},"assetsByChunkName":{"app":["webpack-runtime-fdbd7865d37c459dd8e8.js","app-53d447250b7b098c0312.js"],"component---src-templates-project-js":["0-ae663e4d88c6f85eaf54.js","1.374453a1ffd52b737f4d.css","1-542fe559f53d46c39800.js","component---src-templates-project-js.3294dd1b2917bbc777a6.css","component---src-templates-project-js-df37f4fcac58e59b21c2.js"],"component---src-templates-lab-js":["0-ae663e4d88c6f85eaf54.js","1.374453a1ffd52b737f4d.css","1-542fe559f53d46c39800.js","component---src-templates-lab-js.3294dd1b2917bbc777a6.css","component---src-templates-lab-js-99093c6af5aaf60d53b1.js"],"component---src-pages-404-js":["0-ae663e4d88c6f85eaf54.js","component---src-pages-404-js.3294dd1b2917bbc777a6.css","component---src-pages-404-js-b1f6311f0d27822ac90e.js"],"component---src-pages-contact-js":["0-ae663e4d88c6f85eaf54.js","1.374453a1ffd52b737f4d.css","1-542fe559f53d46c39800.js","11-143ccac6515a29d54a90.js","component---src-pages-contact-js.3294dd1b2917bbc777a6.css","component---src-pages-contact-js-b77c6ce7c85eef0a861c.js"],"component---src-pages-index-js":["0-ae663e4d88c6f85eaf54.js","12-c054600c6906219ee760.js","component---src-pages-index-js.3294dd1b2917bbc777a6.css","component---src-pages-index-js-7d20b808c770f72d823d.js"],"component---src-pages-labs-js":["0-ae663e4d88c6f85eaf54.js","component---src-pages-labs-js.3294dd1b2917bbc777a6.css","component---src-pages-labs-js-7f3befd3e6183425fa88.js"],"component---src-pages-portfolio-js":["0-ae663e4d88c6f85eaf54.js","component---src-pages-portfolio-js.3294dd1b2917bbc777a6.css","component---src-pages-portfolio-js-07af1afb7f8e24102559.js"]}}