{"errors":[],"warnings":[],"namedChunkGroups":{"app":{"chunks":[10,2],"assets":["webpack-runtime-85a01868c8453d00e283.js","webpack-runtime-85a01868c8453d00e283.js.map","app-4ad5ff2c9336c8de8375.js","app-4ad5ff2c9336c8de8375.js.map"],"children":{},"childAssets":{}},"component---src-templates-project-js":{"chunks":[0,1,9],"assets":["0-bf31234f46719583d020.js","0-bf31234f46719583d020.js.map","1.374453a1ffd52b737f4d.css","1-542fe559f53d46c39800.js","1-542fe559f53d46c39800.js.map","component---src-templates-project-js.3294dd1b2917bbc777a6.css","component---src-templates-project-js-620c552c1a675d525646.js","component---src-templates-project-js-620c552c1a675d525646.js.map"],"children":{},"childAssets":{}},"component---src-templates-lab-js":{"chunks":[0,1,8],"assets":["0-bf31234f46719583d020.js","0-bf31234f46719583d020.js.map","1.374453a1ffd52b737f4d.css","1-542fe559f53d46c39800.js","1-542fe559f53d46c39800.js.map","component---src-templates-lab-js.3294dd1b2917bbc777a6.css","component---src-templates-lab-js-cb000eddb93f095818d3.js","component---src-templates-lab-js-cb000eddb93f095818d3.js.map"],"children":{},"childAssets":{}},"component---src-pages-404-js":{"chunks":[0,3],"assets":["0-bf31234f46719583d020.js","0-bf31234f46719583d020.js.map","component---src-pages-404-js.3294dd1b2917bbc777a6.css","component---src-pages-404-js-4b18df4c8f4869866246.js","component---src-pages-404-js-4b18df4c8f4869866246.js.map"],"children":{},"childAssets":{}},"component---src-pages-contact-js":{"chunks":[0,1,11,4],"assets":["0-bf31234f46719583d020.js","0-bf31234f46719583d020.js.map","1.374453a1ffd52b737f4d.css","1-542fe559f53d46c39800.js","1-542fe559f53d46c39800.js.map","11-82b38c39f94e8afa7e3a.js","11-82b38c39f94e8afa7e3a.js.map","component---src-pages-contact-js.3294dd1b2917bbc777a6.css","component---src-pages-contact-js-d481bea38e67093842a4.js","component---src-pages-contact-js-d481bea38e67093842a4.js.map"],"children":{},"childAssets":{}},"component---src-pages-index-js":{"chunks":[0,12,5],"assets":["0-bf31234f46719583d020.js","0-bf31234f46719583d020.js.map","12-615240b7855ef65a39ba.js","12-615240b7855ef65a39ba.js.map","component---src-pages-index-js.3294dd1b2917bbc777a6.css","component---src-pages-index-js-bd534a54aa192d3a40d4.js","component---src-pages-index-js-bd534a54aa192d3a40d4.js.map"],"children":{},"childAssets":{}},"component---src-pages-labs-js":{"chunks":[0,6],"assets":["0-bf31234f46719583d020.js","0-bf31234f46719583d020.js.map","component---src-pages-labs-js.3294dd1b2917bbc777a6.css","component---src-pages-labs-js-9d4b3576958c3a62c75c.js","component---src-pages-labs-js-9d4b3576958c3a62c75c.js.map"],"children":{},"childAssets":{}},"component---src-pages-portfolio-js":{"chunks":[0,7],"assets":["0-bf31234f46719583d020.js","0-bf31234f46719583d020.js.map","component---src-pages-portfolio-js.3294dd1b2917bbc777a6.css","component---src-pages-portfolio-js-ce8230c334e030886eb3.js","component---src-pages-portfolio-js-ce8230c334e030886eb3.js.map"],"children":{},"childAssets":{}}},"assetsByChunkName":{"app":["webpack-runtime-85a01868c8453d00e283.js","app-4ad5ff2c9336c8de8375.js"],"component---src-templates-project-js":["0-bf31234f46719583d020.js","1.374453a1ffd52b737f4d.css","1-542fe559f53d46c39800.js","component---src-templates-project-js.3294dd1b2917bbc777a6.css","component---src-templates-project-js-620c552c1a675d525646.js"],"component---src-templates-lab-js":["0-bf31234f46719583d020.js","1.374453a1ffd52b737f4d.css","1-542fe559f53d46c39800.js","component---src-templates-lab-js.3294dd1b2917bbc777a6.css","component---src-templates-lab-js-cb000eddb93f095818d3.js"],"component---src-pages-404-js":["0-bf31234f46719583d020.js","component---src-pages-404-js.3294dd1b2917bbc777a6.css","component---src-pages-404-js-4b18df4c8f4869866246.js"],"component---src-pages-contact-js":["0-bf31234f46719583d020.js","1.374453a1ffd52b737f4d.css","1-542fe559f53d46c39800.js","11-82b38c39f94e8afa7e3a.js","component---src-pages-contact-js.3294dd1b2917bbc777a6.css","component---src-pages-contact-js-d481bea38e67093842a4.js"],"component---src-pages-index-js":["0-bf31234f46719583d020.js","12-615240b7855ef65a39ba.js","component---src-pages-index-js.3294dd1b2917bbc777a6.css","component---src-pages-index-js-bd534a54aa192d3a40d4.js"],"component---src-pages-labs-js":["0-bf31234f46719583d020.js","component---src-pages-labs-js.3294dd1b2917bbc777a6.css","component---src-pages-labs-js-9d4b3576958c3a62c75c.js"],"component---src-pages-portfolio-js":["0-bf31234f46719583d020.js","component---src-pages-portfolio-js.3294dd1b2917bbc777a6.css","component---src-pages-portfolio-js-ce8230c334e030886eb3.js"]}}